"Address","Content Type","Status Code","Status","Indexability","Indexability Status","Title 1","Title 1 Length","Title 1 Pixel Width","Meta Description 1","Meta Description 1 Length","Meta Description 1 Pixel Width","Meta Keywords 1","Meta Keywords 1 Length","H1-1","H1-1 Length","H2-1","H2-1 Length","H2-2","H2-2 Length","Meta Robots 1","X-Robots-Tag 1","Meta Refresh 1","Canonical Link Element 1","rel=""next"" 1","rel=""prev"" 1","HTTP rel=""next"" 1","HTTP rel=""prev"" 1","amphtml Link Element","Size (bytes)","Transferred (bytes)","Total Transferred (bytes)","CO2 (mg)","Carbon Rating","Word Count","Sentence Count","Average Words Per Sentence","Flesch Reading Ease Score","Readability","Text Ratio","Crawl Depth","Folder Depth","Link Score","Inlinks","Unique Inlinks","Unique JS Inlinks","% of Total","Outlinks","Unique Outlinks","Unique JS Outlinks","External Outlinks","Unique External Outlinks","Unique External JS Outlinks","Closest Near Duplicate Match","No. Near Duplicates","Spelling Errors","Grammar Errors","Hash","Response Time","Last Modified","Redirect URL","Redirect Type","Cookies","Language","HTTP Version","Mobile Alternate Link","Closest Semantically Similar Address","Semantic Similarity Score","No. Semantically Similar","Semantic Relevance Score","URL Encoded Address","Crawl Timestamp"
"https://businessrocket.ai/yoast-seo/","text/html; charset=UTF-8","200","OK","Indexable","","Yoast SEO: Essential Tool for WordPress Users -","47","428","Yoast SEO helps make search engine optimization simpler. Here's how to install and optimize the popular WordPress plugin!","121","760","","0","Yoast SEO: How To Install & Optimize This WordPress Plugin","58","Leave a Reply Cancel reply","26","Let’s create the best experience for your business together","59","index, follow, max-image-preview:large, max-snippet:-1, max-video-preview:-1","","","https://businessrocket.ai/yoast-seo/","","","","","","161777","36401","36401","13.945","","1919","255","7.525","76.154","Fairly Easy","7.085","4","1","","10","3","0","4.410","38","22","0","6","6","0","","","","","cf3a20bf2aeaa9b9fa73172972208098","0.175","","","","","en-US","1.1","","","","","","https://businessrocket.ai/yoast-seo/","2026-02-19 16:21:20"
"https://businessrocket.ai/wp-includes/js/wp-util.js?ver=6.9.1","application/javascript","200","OK","Indexable","","","0","0","","0","0","","0","","0","","0","","0","","","","","","","","","","0","0","0","0.000","","0","","","","","0.000","1","2","","0","0","0","0.000","0","0","0","0","0","0","","","","","","0.019","Fri, 07 Feb 2025 15:31:26 GMT","","","","","1.1","","","","","","https://businessrocket.ai/wp-includes/js/wp-util.js?ver=6.9.1","2026-02-19 16:20:56"
"https://businessrocket.ai/wp-includes/js/underscore.min.js?ver=1.13.7","application/javascript","200","OK","Indexable","","","0","0","","0","0","","0","","0","","0","","0","","","","","","","","","","0","0","0","0.000","","0","","","","","0.000","1","2","","0","0","0","0.000","0","0","0","0","0","0","","","","","","0.051","Wed, 16 Apr 2025 19:50:26 GMT","","","","","1.1","","","","","","https://businessrocket.ai/wp-includes/js/underscore.min.js?ver=1.13.7","2026-02-19 16:20:57"
"https://businessrocket.ai/wp-includes/js/mediaelement/wp-mediaelement.js?ver=6.9.1","application/javascript","200","OK","Indexable","","","0","0","","0","0","","0","","0","","0","","0","","","","","","","","","","0","0","0","0.000","","0","","","","","0.000","1","3","","0","0","0","0.000","0","0","0","0","0","0","","","","","","0.026","Fri, 07 Feb 2025 15:31:26 GMT","","","","","1.1","","","","","","https://businessrocket.ai/wp-includes/js/mediaelement/wp-mediaelement.js?ver=6.9.1","2026-02-19 16:20:55"
"https://businessrocket.ai/wp-includes/js/mediaelement/wp-mediaelement.css?ver=6.9.1","text/css","200","OK","Indexable","","","0","0","","0","0","","0","","0","","0","","0","","","","","","","","","","0","0","0","0.000","","0","","","","","0.000","1","3","","0","0","0","0.000","0","0","0","0","0","0","","","","","","0.020","Fri, 07 Feb 2025 15:31:26 GMT","","","","","1.1","","","","","","https://businessrocket.ai/wp-includes/js/mediaelement/wp-mediaelement.css?ver=6.9.1","2026-02-19 16:20:56"
"https://businessrocket.ai/wp-includes/js/mediaelement/mediaelementplayer-legacy.min.css?ver=4.2.17","text/css","200","OK","Indexable","","","0","0","","0","0","","0","","0","","0","","0","","","","","","","","","","0","0","0","0.000","","0","","","","","0.000","1","3","","0","0","0","0.000","0","0","0","0","0","0","","","","","","0.063","Fri, 07 Feb 2025 15:31:26 GMT","","","","","1.1","","","","","","https://businessrocket.ai/wp-includes/js/mediaelement/mediaelementplayer-legacy.min.css?ver=4.2.17","2026-02-19 16:20:57"
"https://businessrocket.ai/wp-includes/js/mediaelement/mediaelement-migrate.js?ver=6.9.1","application/javascript","200","OK","Indexable","","","0","0","","0","0","","0","","0","","0","","0","","","","","","","","","","0","0","0","0.000","","0","","","","","0.000","1","3","","0","0","0","0.000","0","0","0","0","0","0","","","","","","0.175","Fri, 07 Feb 2025 15:31:26 GMT","","","","","1.1","","","","","","https://businessrocket.ai/wp-includes/js/mediaelement/mediaelement-migrate.js?ver=6.9.1","2026-02-19 16:20:59"
"https://businessrocket.ai/wp-includes/js/mediaelement/mediaelement-and-player.js?ver=4.2.17","application/javascript","200","OK","Indexable","","","0","0","","0","0","","0","","0","","0","","0","","","","","","","","","","0","0","0","0.000","","0","","","","","0.000","1","3","","0","0","0","0.000","0","0","0","0","0","0","","","","","","0.020","Fri, 07 Feb 2025 15:31:26 GMT","","","","","1.1","","","","","","https://businessrocket.ai/wp-includes/js/mediaelement/mediaelement-and-player.js?ver=4.2.17","2026-02-19 16:20:56"
"https://businessrocket.ai/wp-includes/js/jquery/ui/slider.js?ver=1.13.3","application/javascript","200","OK","Indexable","","","0","0","","0","0","","0","","0","","0","","0","","","","","","","","","","0","0","0","0.000","","0","","","","","0.000","1","4","","0","0","0","0.000","0","0","0","0","0","0","","","","","","0.057","Fri, 07 Feb 2025 15:31:26 GMT","","","","","1.1","","","","","","https://businessrocket.ai/wp-includes/js/jquery/ui/slider.js?ver=1.13.3","2026-02-19 16:20:57"
"https://businessrocket.ai/wp-includes/js/jquery/ui/mouse.js?ver=1.13.3","application/javascript","200","OK","Indexable","","","0","0","","0","0","","0","","0","","0","","0","","","","","","","","","","0","0","0","0.000","","0","","","","","0.000","1","4","","0","0","0","0.000","0","0","0","0","0","0","","","","","","0.026","Fri, 07 Feb 2025 15:31:26 GMT","","","","","1.1","","","","","","https://businessrocket.ai/wp-includes/js/jquery/ui/mouse.js?ver=1.13.3","2026-02-19 16:20:58"
"https://businessrocket.ai/wp-includes/js/jquery/ui/core.js?ver=1.13.3","application/javascript","200","OK","Indexable","","","0","0","","0","0","","0","","0","","0","","0","","","","","","","","","","0","0","0","0.000","","0","","","","","0.000","1","4","","0","0","0","0.000","0","0","0","0","0","0","","","","","","0.052","Fri, 07 Feb 2025 15:31:26 GMT","","","","","1.1","","","","","","https://businessrocket.ai/wp-includes/js/jquery/ui/core.js?ver=1.13.3","2026-02-19 16:20:55"
"https://businessrocket.ai/wp-includes/js/jquery/jquery.js?ver=3.7.1","application/javascript","200","OK","Indexable","","","0","0","","0","0","","0","","0","","0","","0","","","","","","","","","","0","0","0","0.000","","0","","","","","0.000","1","3","","0","0","0","0.000","0","0","0","0","0","0","","","","","","0.040","Fri, 07 Feb 2025 15:31:26 GMT","","","","","1.1","","","","","","https://businessrocket.ai/wp-includes/js/jquery/jquery.js?ver=3.7.1","2026-02-19 16:20:57"
"https://businessrocket.ai/wp-includes/js/jquery/jquery-migrate.js?ver=3.4.1","application/javascript","200","OK","Indexable","","","0","0","","0","0","","0","","0","","0","","0","","","","","","","","","","0","0","0","0.000","","0","","","","","0.000","1","3","","0","0","0","0.000","0","0","0","0","0","0","","","","","","0.046","Fri, 07 Feb 2025 15:31:26 GMT","","","","","1.1","","","","","","https://businessrocket.ai/wp-includes/js/jquery/jquery-migrate.js?ver=3.4.1","2026-02-19 16:20:59"
"https://businessrocket.ai/wp-includes/js/imagesloaded.min.js?ver=5.0.0","application/javascript","200","OK","Indexable","","","0","0","","0","0","","0","","0","","0","","0","","","","","","","","","","0","0","0","0.000","","0","","","","","0.000","2","2","","0","0","0","0.000","0","0","0","0","0","0","","","","","","0.052","Fri, 07 Feb 2025 15:31:26 GMT","","","","","1.1","","","","","","https://businessrocket.ai/wp-includes/js/imagesloaded.min.js?ver=5.0.0","2026-02-19 16:21:01"
"https://businessrocket.ai/wp-includes/js/dist/vendor/react.js?ver=18.3.1.1","application/javascript","200","OK","Indexable","","","0","0","","0","0","","0","","0","","0","","0","","","","","","","","","","0","0","0","0.000","","0","","","","","0.000","2","4","","0","0","0","0.000","0","0","0","0","0","0","","","","","","0.055","Fri, 07 Feb 2025 15:31:26 GMT","","","","","1.1","","","","","","https://businessrocket.ai/wp-includes/js/dist/vendor/react.js?ver=18.3.1.1","2026-02-19 16:21:00"
"https://businessrocket.ai/wp-includes/js/dist/vendor/react-dom.js?ver=18.3.1.1","application/javascript","200","OK","Indexable","","","0","0","","0","0","","0","","0","","0","","0","","","","","","","","","","0","0","0","0.000","","0","","","","","0.000","2","4","","0","0","0","0.000","0","0","0","0","0","0","","","","","","0.105","Fri, 07 Feb 2025 15:31:26 GMT","","","","","1.1","","","","","","https://businessrocket.ai/wp-includes/js/dist/vendor/react-dom.js?ver=18.3.1.1","2026-02-19 16:21:00"
"https://businessrocket.ai/wp-includes/js/dist/i18n.js?ver=6b3ae5bd3b8d9598492d","application/javascript","200","OK","Indexable","","","0","0","","0","0","","0","","0","","0","","0","","","","","","","","","","0","0","0","0.000","","0","","","","","0.000","1","3","","0","0","0","0.000","0","0","0","0","0","0","","","","","","0.056","Tue, 02 Dec 2025 22:00:00 GMT","","","","","1.1","","","","","","https://businessrocket.ai/wp-includes/js/dist/i18n.js?ver=6b3ae5bd3b8d9598492d","2026-02-19 16:20:55"
"https://businessrocket.ai/wp-includes/js/dist/hooks.js?ver=220ff17f5667d013d468","application/javascript","200","OK","Indexable","","","0","0","","0","0","","0","","0","","0","","0","","","","","","","","","","0","0","0","0.000","","0","","","","","0.000","1","3","","0","0","0","0.000","0","0","0","0","0","0","","","","","","0.061","Tue, 02 Dec 2025 22:00:00 GMT","","","","","1.1","","","","","","https://businessrocket.ai/wp-includes/js/dist/hooks.js?ver=220ff17f5667d013d468","2026-02-19 16:20:55"
"https://businessrocket.ai/wp-includes/js/dist/escape-html.js?ver=6cade854f375b3091114","application/javascript","200","OK","Indexable","","","0","0","","0","0","","0","","0","","0","","0","","","","","","","","","","0","0","0","0.000","","0","","","","","0.000","2","3","","0","0","0","0.000","0","0","0","0","0","0","","","","","","0.048","Tue, 02 Dec 2025 22:00:00 GMT","","","","","1.1","","","","","","https://businessrocket.ai/wp-includes/js/dist/escape-html.js?ver=6cade854f375b3091114","2026-02-19 16:21:00"
"https://businessrocket.ai/wp-includes/js/dist/element.js?ver=a63ee6ce984c02a99fa7","application/javascript","200","OK","Indexable","","","0","0","","0","0","","0","","0","","0","","0","","","","","","","","","","0","0","0","0.000","","0","","","","","0.000","2","3","","0","0","0","0.000","0","0","0","0","0","0","","","","","","0.064","Tue, 02 Dec 2025 22:00:00 GMT","","","","","1.1","","","","","","https://businessrocket.ai/wp-includes/js/dist/element.js?ver=a63ee6ce984c02a99fa7","2026-02-19 16:21:00"
"https://businessrocket.ai/wp-includes/js/dist/development/react-refresh-runtime.js?ver=8f1acdfb845f670b0ef2","application/javascript","200","OK","Indexable","","","0","0","","0","0","","0","","0","","0","","0","","","","","","","","","","0","0","0","0.000","","0","","","","","0.000","2","4","","0","0","0","0.000","0","0","0","0","0","0","","","","","","0.055","Fri, 07 Feb 2025 15:31:26 GMT","","","","","1.1","","","","","","https://businessrocket.ai/wp-includes/js/dist/development/react-refresh-runtime.js?ver=8f1acdfb845f670b0ef2","2026-02-19 16:21:00"
"https://businessrocket.ai/wp-includes/js/dist/development/react-refresh-entry.js?ver=a100113810d2b7fe3a75","application/javascript","200","OK","Indexable","","","0","0","","0","0","","0","","0","","0","","0","","","","","","","","","","0","0","0","0.000","","0","","","","","0.000","2","4","","0","0","0","0.000","0","0","0","0","0","0","","","","","","0.046","Tue, 02 Dec 2025 22:00:00 GMT","","","","","1.1","","","","","","https://businessrocket.ai/wp-includes/js/dist/development/react-refresh-entry.js?ver=a100113810d2b7fe3a75","2026-02-19 16:21:00"
"https://businessrocket.ai/wp-includes/js/comment-reply.js?ver=6.9.1","application/javascript","200","OK","Indexable","","","0","0","","0","0","","0","","0","","0","","0","","","","","","","","","","0","0","0","0.000","","0","","","","","0.000","3","2","","0","0","0","0.000","0","0","0","0","0","0","","","","","","0.057","Fri, 07 Feb 2025 15:31:26 GMT","","","","","1.1","","","","","","https://businessrocket.ai/wp-includes/js/comment-reply.js?ver=6.9.1","2026-02-19 16:21:14"
"https://businessrocket.ai/wp-includes/css/dist/block-library/style.css?ver=6.9.1","text/css","200","OK","Indexable","","","0","0","","0","0","","0","","0","","0","","0","","","","","","","","","","0","0","0","0.000","","0","","","","","0.000","2","4","","0","0","0","0.000","0","0","0","0","0","0","","","","","","0.044","Tue, 03 Feb 2026 22:40:44 GMT","","","","","1.1","","","","","","https://businessrocket.ai/wp-includes/css/dist/block-library/style.css?ver=6.9.1","2026-02-19 16:21:02"
"https://businessrocket.ai/wp-content/uploads/elementor/google-fonts/css/opensans.css?ver=1756502860","text/css","200","OK","Indexable","","","0","0","","0","0","","0","","0","","0","","0","","","","","","","","","","0","0","0","0.000","","0","","","","","0.000","1","5","","0","0","0","0.000","0","0","0","0","0","0","","","","","","0.050","Fri, 29 Aug 2025 21:27:40 GMT","","","","","1.1","","","","","","https://businessrocket.ai/wp-content/uploads/elementor/google-fonts/css/opensans.css?ver=1756502860","2026-02-19 16:20:59"
"https://businessrocket.ai/wp-content/uploads/elementor/google-fonts/css/montserrat.css?ver=1756502861","text/css","200","OK","Indexable","","","0","0","","0","0","","0","","0","","0","","0","","","","","","","","","","0","0","0","0.000","","0","","","","","0.000","1","5","","0","0","0","0.000","0","0","0","0","0","0","","","","","","0.050","Fri, 29 Aug 2025 21:27:42 GMT","","","","","1.1","","","","","","https://businessrocket.ai/wp-content/uploads/elementor/google-fonts/css/montserrat.css?ver=1756502861","2026-02-19 16:20:57"
"https://businessrocket.ai/wp-content/uploads/elementor/google-fonts/css/manrope.css?ver=1756502863","text/css","200","OK","Indexable","","","0","0","","0","0","","0","","0","","0","","0","","","","","","","","","","0","0","0","0.000","","0","","","","","0.000","2","5","","0","0","0","0.000","0","0","0","0","0","0","","","","","","0.075","Fri, 29 Aug 2025 21:27:43 GMT","","","","","1.1","","","","","","https://businessrocket.ai/wp-content/uploads/elementor/google-fonts/css/manrope.css?ver=1756502863","2026-02-19 16:21:00"
"https://businessrocket.ai/wp-content/uploads/elementor/css/post-816.css?ver=1771451634","text/css","200","OK","Indexable","","","0","0","","0","0","","0","","0","","0","","0","","","","","","","","","","0","0","0","0.000","","0","","","","","0.000","2","4","","0","0","0","0.000","0","0","0","0","0","0","","","","","","0.098","Wed, 18 Feb 2026 21:53:54 GMT","","","","","1.1","","","","","","https://businessrocket.ai/wp-content/uploads/elementor/css/post-816.css?ver=1771451634","2026-02-19 16:21:01"
"https://businessrocket.ai/wp-content/uploads/elementor/css/post-7607.css?ver=1771508767","text/css","200","OK","Indexable","","","0","0","","0","0","","0","","0","","0","","0","","","","","","","","","","0","0","0","0.000","","0","","","","","0.000","3","4","","0","0","0","0.000","0","0","0","0","0","0","","","","","","0.046","Thu, 19 Feb 2026 13:46:07 GMT","","","","","1.1","","","","","","https://businessrocket.ai/wp-content/uploads/elementor/css/post-7607.css?ver=1771508767","2026-02-19 16:21:17"
"https://businessrocket.ai/wp-content/uploads/elementor/css/post-7595.css?ver=1771454886","text/css","200","OK","Indexable","","","0","0","","0","0","","0","","0","","0","","0","","","","","","","","","","0","0","0","0.000","","0","","","","","0.000","3","4","","0","0","0","0.000","0","0","0","0","0","0","","","","","","0.065","Wed, 18 Feb 2026 22:48:06 GMT","","","","","1.1","","","","","","https://businessrocket.ai/wp-content/uploads/elementor/css/post-7595.css?ver=1771454886","2026-02-19 16:21:15"
"https://businessrocket.ai/wp-content/uploads/elementor/css/post-7586.css?ver=1771495671","text/css","200","OK","Indexable","","","0","0","","0","0","","0","","0","","0","","0","","","","","","","","","","0","0","0","0.000","","0","","","","","0.000","3","4","","0","0","0","0.000","0","0","0","0","0","0","","","","","","0.078","Thu, 19 Feb 2026 10:07:51 GMT","","","","","1.1","","","","","","https://businessrocket.ai/wp-content/uploads/elementor/css/post-7586.css?ver=1771495671","2026-02-19 16:21:15"
"https://businessrocket.ai/wp-content/uploads/elementor/css/post-7577.css?ver=1771454493","text/css","200","OK","Indexable","","","0","0","","0","0","","0","","0","","0","","0","","","","","","","","","","0","0","0","0.000","","0","","","","","0.000","3","4","","0","0","0","0.000","0","0","0","0","0","0","","","","","","0.016","Wed, 18 Feb 2026 22:41:33 GMT","","","","","1.1","","","","","","https://businessrocket.ai/wp-content/uploads/elementor/css/post-7577.css?ver=1771454493","2026-02-19 16:21:17"
"https://businessrocket.ai/wp-content/uploads/elementor/css/post-7566.css?ver=1771495697","text/css","200","OK","Indexable","","","0","0","","0","0","","0","","0","","0","","0","","","","","","","","","","0","0","0","0.000","","0","","","","","0.000","3","4","","0","0","0","0.000","0","0","0","0","0","0","","","","","","0.060","Thu, 19 Feb 2026 10:08:17 GMT","","","","","1.1","","","","","","https://businessrocket.ai/wp-content/uploads/elementor/css/post-7566.css?ver=1771495697","2026-02-19 16:21:17"
"https://businessrocket.ai/wp-content/uploads/elementor/css/post-7546.css?ver=1771508777","text/css","200","OK","Indexable","","","0","0","","0","0","","0","","0","","0","","0","","","","","","","","","","0","0","0","0.000","","0","","","","","0.000","3","4","","0","0","0","0.000","0","0","0","0","0","0","","","","","","0.049","Thu, 19 Feb 2026 13:46:17 GMT","","","","","1.1","","","","","","https://businessrocket.ai/wp-content/uploads/elementor/css/post-7546.css?ver=1771508777","2026-02-19 16:21:17"
"https://businessrocket.ai/wp-content/uploads/elementor/css/post-6903.css?ver=1771491687","text/css","200","OK","Indexable","","","0","0","","0","0","","0","","0","","0","","0","","","","","","","","","","0","0","0","0.000","","0","","","","","0.000","3","4","","0","0","0","0.000","0","0","0","0","0","0","","","","","","0.057","Thu, 19 Feb 2026 09:01:27 GMT","","","","","1.1","","","","","","https://businessrocket.ai/wp-content/uploads/elementor/css/post-6903.css?ver=1771491687","2026-02-19 16:21:04"
"https://businessrocket.ai/wp-content/uploads/elementor/css/post-6894.css?ver=1771451012","text/css","200","OK","Indexable","","","0","0","","0","0","","0","","0","","0","","0","","","","","","","","","","0","0","0","0.000","","0","","","","","0.000","3","4","","0","0","0","0.000","0","0","0","0","0","0","","","","","","0.054","Wed, 18 Feb 2026 21:43:32 GMT","","","","","1.1","","","","","","https://businessrocket.ai/wp-content/uploads/elementor/css/post-6894.css?ver=1771451012","2026-02-19 16:21:13"
"https://businessrocket.ai/wp-content/uploads/elementor/css/post-6879.css?ver=1771431057","text/css","200","OK","Indexable","","","0","0","","0","0","","0","","0","","0","","0","","","","","","","","","","0","0","0","0.000","","0","","","","","0.000","3","4","","0","0","0","0.000","0","0","0","0","0","0","","","","","","0.086","Wed, 18 Feb 2026 16:10:57 GMT","","","","","1.1","","","","","","https://businessrocket.ai/wp-content/uploads/elementor/css/post-6879.css?ver=1771431057","2026-02-19 16:21:14"
"https://businessrocket.ai/wp-content/uploads/elementor/css/post-6869.css?ver=1771431085","text/css","200","OK","Indexable","","","0","0","","0","0","","0","","0","","0","","0","","","","","","","","","","0","0","0","0.000","","0","","","","","0.000","3","4","","0","0","0","0.000","0","0","0","0","0","0","","","","","","0.028","Wed, 18 Feb 2026 16:11:25 GMT","","","","","1.1","","","","","","https://businessrocket.ai/wp-content/uploads/elementor/css/post-6869.css?ver=1771431085","2026-02-19 16:21:07"
"https://businessrocket.ai/wp-content/uploads/elementor/css/post-6856.css?ver=1771482576","text/css","200","OK","Indexable","","","0","0","","0","0","","0","","0","","0","","0","","","","","","","","","","0","0","0","0.000","","0","","","","","0.000","3","4","","0","0","0","0.000","0","0","0","0","0","0","","","","","","0.080","Thu, 19 Feb 2026 06:29:36 GMT","","","","","1.1","","","","","","https://businessrocket.ai/wp-content/uploads/elementor/css/post-6856.css?ver=1771482576","2026-02-19 16:21:02"
"https://businessrocket.ai/wp-content/uploads/elementor/css/post-6568.css?ver=1771486706","text/css","200","OK","Indexable","","","0","0","","0","0","","0","","0","","0","","0","","","","","","","","","","0","0","0","0.000","","0","","","","","0.000","3","4","","0","0","0","0.000","0","0","0","0","0","0","","","","","","0.060","Thu, 19 Feb 2026 07:38:26 GMT","","","","","1.1","","","","","","https://businessrocket.ai/wp-content/uploads/elementor/css/post-6568.css?ver=1771486706","2026-02-19 16:21:05"
"https://businessrocket.ai/wp-content/uploads/elementor/css/post-649.css?ver=1771507520","text/css","200","OK","Indexable","","","0","0","","0","0","","0","","0","","0","","0","","","","","","","","","","0","0","0","0.000","","0","","","","","0.000","2","4","","0","0","0","0.000","0","0","0","0","0","0","","","","","","0.054","Thu, 19 Feb 2026 13:25:20 GMT","","","","","1.1","","","","","","https://businessrocket.ai/wp-content/uploads/elementor/css/post-649.css?ver=1771507520","2026-02-19 16:21:02"
"https://businessrocket.ai/wp-content/uploads/elementor/css/post-631.css?ver=1771454375","text/css","200","OK","Indexable","","","0","0","","0","0","","0","","0","","0","","0","","","","","","","","","","0","0","0","0.000","","0","","","","","0.000","2","4","","0","0","0","0.000","0","0","0","0","0","0","","","","","","0.023","Wed, 18 Feb 2026 22:39:35 GMT","","","","","1.1","","","","","","https://businessrocket.ai/wp-content/uploads/elementor/css/post-631.css?ver=1771454375","2026-02-19 16:21:01"
"https://businessrocket.ai/wp-content/uploads/elementor/css/post-620.css?ver=1771454454","text/css","200","OK","Indexable","","","0","0","","0","0","","0","","0","","0","","0","","","","","","","","","","0","0","0","0.000","","0","","","","","0.000","2","4","","0","0","0","0.000","0","0","0","0","0","0","","","","","","0.025","Wed, 18 Feb 2026 22:40:54 GMT","","","","","1.1","","","","","","https://businessrocket.ai/wp-content/uploads/elementor/css/post-620.css?ver=1771454454","2026-02-19 16:21:01"
"https://businessrocket.ai/wp-content/uploads/elementor/css/post-612.css?ver=1771507497","text/css","200","OK","Indexable","","","0","0","","0","0","","0","","0","","0","","0","","","","","","","","","","0","0","0","0.000","","0","","","","","0.000","2","4","","0","0","0","0.000","0","0","0","0","0","0","","","","","","0.052","Thu, 19 Feb 2026 13:24:57 GMT","","","","","1.1","","","","","","https://businessrocket.ai/wp-content/uploads/elementor/css/post-612.css?ver=1771507497","2026-02-19 16:21:02"
"https://businessrocket.ai/wp-content/uploads/elementor/css/post-599.css?ver=1771494635","text/css","200","OK","Indexable","","","0","0","","0","0","","0","","0","","0","","0","","","","","","","","","","0","0","0","0.000","","0","","","","","0.000","2","4","","0","0","0","0.000","0","0","0","0","0","0","","","","","","0.059","Thu, 19 Feb 2026 09:50:35 GMT","","","","","1.1","","","","","","https://businessrocket.ai/wp-content/uploads/elementor/css/post-599.css?ver=1771494635","2026-02-19 16:21:00"
"https://businessrocket.ai/wp-content/uploads/elementor/css/post-582.css?ver=1771454352","text/css","200","OK","Indexable","","","0","0","","0","0","","0","","0","","0","","0","","","","","","","","","","0","0","0","0.000","","0","","","","","0.000","2","4","","0","0","0","0.000","0","0","0","0","0","0","","","","","","0.050","Wed, 18 Feb 2026 22:39:12 GMT","","","","","1.1","","","","","","https://businessrocket.ai/wp-content/uploads/elementor/css/post-582.css?ver=1771454352","2026-02-19 16:21:00"
"https://businessrocket.ai/wp-content/uploads/elementor/css/post-5091.css?ver=1771428152","text/css","200","OK","Indexable","","","0","0","","0","0","","0","","0","","0","","0","","","","","","","","","","0","0","0","0.000","","0","","","","","0.000","3","4","","0","0","0","0.000","0","0","0","0","0","0","","","","","","0.020","Wed, 18 Feb 2026 15:22:32 GMT","","","","","1.1","","","","","","https://businessrocket.ai/wp-content/uploads/elementor/css/post-5091.css?ver=1771428152","2026-02-19 16:21:15"
"https://businessrocket.ai/wp-content/uploads/elementor/css/post-467.css?ver=1771441124","text/css","200","OK","Indexable","","","0","0","","0","0","","0","","0","","0","","0","","","","","","","","","","0","0","0","0.000","","0","","","","","0.000","2","4","","0","0","0","0.000","0","0","0","0","0","0","","","","","","0.061","Wed, 18 Feb 2026 18:58:44 GMT","","","","","1.1","","","","","","https://businessrocket.ai/wp-content/uploads/elementor/css/post-467.css?ver=1771441124","2026-02-19 16:21:00"
"https://businessrocket.ai/wp-content/uploads/elementor/css/post-4323.css?ver=1771431089","text/css","200","OK","Indexable","","","0","0","","0","0","","0","","0","","0","","0","","","","","","","","","","0","0","0","0.000","","0","","","","","0.000","2","4","","0","0","0","0.000","0","0","0","0","0","0","","","","","","0.052","Wed, 18 Feb 2026 16:11:29 GMT","","","","","1.1","","","","","","https://businessrocket.ai/wp-content/uploads/elementor/css/post-4323.css?ver=1771431089","2026-02-19 16:21:02"
"https://businessrocket.ai/wp-content/uploads/elementor/css/post-388.css?ver=1771441124","text/css","200","OK","Indexable","","","0","0","","0","0","","0","","0","","0","","0","","","","","","","","","","0","0","0","0.000","","0","","","","","0.000","2","4","","0","0","0","0.000","0","0","0","0","0","0","","","","","","0.040","Wed, 18 Feb 2026 18:58:44 GMT","","","","","1.1","","","","","","https://businessrocket.ai/wp-content/uploads/elementor/css/post-388.css?ver=1771441124","2026-02-19 16:21:02"
"https://businessrocket.ai/wp-content/uploads/elementor/css/post-3091.css?ver=1771431151","text/css","200","OK","Indexable","","","0","0","","0","0","","0","","0","","0","","0","","","","","","","","","","0","0","0","0.000","","0","","","","","0.000","3","4","","0","0","0","0.000","0","0","0","0","0","0","","","","","","0.049","Wed, 18 Feb 2026 16:12:31 GMT","","","","","1.1","","","","","","https://businessrocket.ai/wp-content/uploads/elementor/css/post-3091.css?ver=1771431151","2026-02-19 16:21:18"
"https://businessrocket.ai/wp-content/uploads/elementor/css/post-2963.css?ver=1771428152","text/css","200","OK","Indexable","","","0","0","","0","0","","0","","0","","0","","0","","","","","","","","","","0","0","0","0.000","","0","","","","","0.000","1","4","","0","0","0","0.000","0","0","0","0","0","0","","","","","","0.045","Wed, 18 Feb 2026 15:22:32 GMT","","","","","1.1","","","","","","https://businessrocket.ai/wp-content/uploads/elementor/css/post-2963.css?ver=1771428152","2026-02-19 16:20:55"
"https://businessrocket.ai/wp-content/uploads/elementor/css/post-2957.css?ver=1771428152","text/css","200","OK","Indexable","","","0","0","","0","0","","0","","0","","0","","0","","","","","","","","","","0","0","0","0.000","","0","","","","","0.000","1","4","","0","0","0","0.000","0","0","0","0","0","0","","","","","","0.060","Wed, 18 Feb 2026 15:22:32 GMT","","","","","1.1","","","","","","https://businessrocket.ai/wp-content/uploads/elementor/css/post-2957.css?ver=1771428152","2026-02-19 16:20:56"
"https://businessrocket.ai/wp-content/uploads/elementor/css/post-292.css?ver=1771441124","text/css","200","OK","Indexable","","","0","0","","0","0","","0","","0","","0","","0","","","","","","","","","","0","0","0","0.000","","0","","","","","0.000","2","4","","0","0","0","0.000","0","0","0","0","0","0","","","","","","0.041","Wed, 18 Feb 2026 18:58:44 GMT","","","","","1.1","","","","","","https://businessrocket.ai/wp-content/uploads/elementor/css/post-292.css?ver=1771441124","2026-02-19 16:21:00"
"https://businessrocket.ai/wp-content/uploads/elementor/css/post-286.css?ver=1771431065","text/css","200","OK","Indexable","","","0","0","","0","0","","0","","0","","0","","0","","","","","","","","","","0","0","0","0.000","","0","","","","","0.000","2","4","","0","0","0","0.000","0","0","0","0","0","0","","","","","","0.052","Wed, 18 Feb 2026 16:11:05 GMT","","","","","1.1","","","","","","https://businessrocket.ai/wp-content/uploads/elementor/css/post-286.css?ver=1771431065","2026-02-19 16:21:02"
"https://businessrocket.ai/wp-content/uploads/elementor/css/post-2616.css?ver=1771428152","text/css","200","OK","Indexable","","","0","0","","0","0","","0","","0","","0","","0","","","","","","","","","","0","0","0","0.000","","0","","","","","0.000","1","4","","0","0","0","0.000","0","0","0","0","0","0","","","","","","0.046","Wed, 18 Feb 2026 15:22:32 GMT","","","","","1.1","","","","","","https://businessrocket.ai/wp-content/uploads/elementor/css/post-2616.css?ver=1771428152","2026-02-19 16:20:55"
"https://businessrocket.ai/wp-content/uploads/elementor/css/post-254.css?ver=1771437169","text/css","200","OK","Indexable","","","0","0","","0","0","","0","","0","","0","","0","","","","","","","","","","0","0","0","0.000","","0","","","","","0.000","1","4","","0","0","0","0.000","0","0","0","0","0","0","","","","","","0.057","Wed, 18 Feb 2026 17:52:49 GMT","","","","","1.1","","","","","","https://businessrocket.ai/wp-content/uploads/elementor/css/post-254.css?ver=1771437169","2026-02-19 16:20:55"
"https://businessrocket.ai/wp-content/uploads/elementor/css/custom-widget-icon-list.min.css?ver=1771428152","text/css","200","OK","Indexable","","","0","0","","0","0","","0","","0","","0","","0","","","","","","","","","","0","0","0","0.000","","0","","","","","0.000","1","4","","0","0","0","0.000","0","0","0","0","0","0","","","","","","0.048","Wed, 18 Feb 2026 15:22:32 GMT","","","","","1.1","","","","","","https://businessrocket.ai/wp-content/uploads/elementor/css/custom-widget-icon-list.min.css?ver=1771428152","2026-02-19 16:20:59"
"https://businessrocket.ai/wp-content/uploads/elementor/css/custom-widget-icon-box.min.css?ver=1771428152","text/css","200","OK","Indexable","","","0","0","","0","0","","0","","0","","0","","0","","","","","","","","","","0","0","0","0.000","","0","","","","","0.000","2","4","","0","0","0","0.000","0","0","0","0","0","0","","","","","","0.051","Wed, 18 Feb 2026 15:22:32 GMT","","","","","1.1","","","","","","https://businessrocket.ai/wp-content/uploads/elementor/css/custom-widget-icon-box.min.css?ver=1771428152","2026-02-19 16:21:01"
"https://businessrocket.ai/wp-content/uploads/elementor/css/custom-pro-widget-woocommerce-menu-cart.min.css?ver=1771428152","text/css","200","OK","Indexable","","","0","0","","0","0","","0","","0","","0","","0","","","","","","","","","","0","0","0","0.000","","0","","","","","0.000","1","4","","0","0","0","0.000","0","0","0","0","0","0","","","","","","0.053","Wed, 18 Feb 2026 15:22:32 GMT","","","","","1.1","","","","","","https://businessrocket.ai/wp-content/uploads/elementor/css/custom-pro-widget-woocommerce-menu-cart.min.css?ver=1771428152","2026-02-19 16:20:58"
"https://businessrocket.ai/wp-content/uploads/elementor/css/custom-pro-widget-loop-grid.min.css?ver=1771428152","text/css","200","OK","Indexable","","","0","0","","0","0","","0","","0","","0","","0","","","","","","","","","","0","0","0","0.000","","0","","","","","0.000","2","4","","0","0","0","0.000","0","0","0","0","0","0","","","","","","0.040","Wed, 18 Feb 2026 15:22:32 GMT","","","","","1.1","","","","","","https://businessrocket.ai/wp-content/uploads/elementor/css/custom-pro-widget-loop-grid.min.css?ver=1771428152","2026-02-19 16:21:01"
"https://businessrocket.ai/wp-content/uploads/elementor/css/custom-frontend.css?ver=1771428152","text/css","200","OK","Indexable","","","0","0","","0","0","","0","","0","","0","","0","","","","","","","","","","0","0","0","0.000","","0","","","","","0.000","1","4","","0","0","0","0.000","0","0","0","0","0","0","","","","","","0.044","Wed, 18 Feb 2026 15:22:32 GMT","","","","","1.1","","","","","","https://businessrocket.ai/wp-content/uploads/elementor/css/custom-frontend.css?ver=1771428152","2026-02-19 16:20:58"
"https://businessrocket.ai/wp-content/uploads/elementor/css/custom-apple-webkit.min.css?ver=1771428152","text/css","200","OK","Indexable","","","0","0","","0","0","","0","","0","","0","","0","","","","","","","","","","0","0","0","0.000","","0","","","","","0.000","1","4","","0","0","0","0.000","0","0","0","0","0","0","","","","","","0.054","Wed, 18 Feb 2026 15:22:32 GMT","","","","","1.1","","","","","","https://businessrocket.ai/wp-content/uploads/elementor/css/custom-apple-webkit.min.css?ver=1771428152","2026-02-19 16:20:59"
"https://businessrocket.ai/wp-content/uploads/2026/02/image9.jpg","image/jpeg","200","OK","Indexable","","","0","0","","0","0","","0","","0","","0","","0","","","","","","","","","","326714","326714","326714","125.158","","0","","","","","0.000","3","4","","0","0","0","0.000","0","0","0","0","0","0","","","","","","0.068","Thu, 02 Oct 2025 20:58:25 GMT","","","","","1.1","","","","","","https://businessrocket.ai/wp-content/uploads/2026/02/image9.jpg","2026-02-19 16:21:03"
"https://businessrocket.ai/wp-content/uploads/2026/02/image9-300x244.jpg","image/webp","200","OK","Indexable","","","0","0","","0","0","","0","","0","","0","","0","","","","","","","","","","17992","17992","17992","6.892","","0","","","","","0.000","2","4","","0","0","0","0.000","0","0","0","0","0","0","","","","","","0.041","Thu, 02 Oct 2025 20:58:30 GMT","","","","","1.1","","","","","","https://businessrocket.ai/wp-content/uploads/2026/02/image9-300x244.jpg","2026-02-19 16:21:01"
"https://businessrocket.ai/wp-content/uploads/2026/02/image9-1024x382.png","image/png","200","OK","Indexable","","","0","0","","0","0","","0","","0","","0","","0","","","","","","","","","","165080","165080","165080","63.239","","0","","","","","0.000","3","4","","0","0","0","0.000","0","0","0","0","0","0","","","","","","0.055","Thu, 11 Sep 2025 14:47:30 GMT","","","","","1.1","","","","","","https://businessrocket.ai/wp-content/uploads/2026/02/image9-1024x382.png","2026-02-19 16:21:06"
"https://businessrocket.ai/wp-content/uploads/2026/02/image8.png","image/png","200","OK","Indexable","","","0","0","","0","0","","0","","0","","0","","0","","","","","","","","","","85382","85382","85382","32.708","","0","","","","","0.000","3","4","","0","0","0","0.000","0","0","0","0","0","0","","","","","","0.057","Thu, 11 Sep 2025 14:47:09 GMT","","","","","1.1","","","","","","https://businessrocket.ai/wp-content/uploads/2026/02/image8.png","2026-02-19 16:21:05"
"https://businessrocket.ai/wp-content/uploads/2026/02/image8-1024x917.jpg","image/jpeg","200","OK","Indexable","","","0","0","","0","0","","0","","0","","0","","0","","","","","","","","","","59425","59425","59425","22.765","","0","","","","","0.000","3","4","","0","0","0","0.000","0","0","0","0","0","0","","","","","","0.060","Thu, 02 Oct 2025 20:58:19 GMT","","","","","1.1","","","","","","https://businessrocket.ai/wp-content/uploads/2026/02/image8-1024x917.jpg","2026-02-19 16:21:04"
"https://businessrocket.ai/wp-content/uploads/2026/02/image7-1024x677.jpg","image/jpeg","200","OK","Indexable","","","0","0","","0","0","","0","","0","","0","","0","","","","","","","","","","70091","70091","70091","26.851","","0","","","","","0.000","3","4","","0","0","0","0.000","0","0","0","0","0","0","","","","","","0.060","Thu, 02 Oct 2025 20:58:06 GMT","","","","","1.1","","","","","","https://businessrocket.ai/wp-content/uploads/2026/02/image7-1024x677.jpg","2026-02-19 16:21:03"
"https://businessrocket.ai/wp-content/uploads/2026/02/image7-1024x390.png","image/png","200","OK","Indexable","","","0","0","","0","0","","0","","0","","0","","0","","","","","","","","","","158307","158307","158307","60.644","","0","","","","","0.000","3","4","","0","0","0","0.000","0","0","0","0","0","0","","","","","","0.073","Thu, 11 Sep 2025 14:44:21 GMT","","","","","1.1","","","","","","https://businessrocket.ai/wp-content/uploads/2026/02/image7-1024x390.png","2026-02-19 16:21:06"
"https://businessrocket.ai/wp-content/uploads/2026/02/image6-1024x727.jpg","image/jpeg","200","OK","Indexable","","","0","0","","0","0","","0","","0","","0","","0","","","","","","","","","","40589","40589","40589","15.549","","0","","","","","0.000","3","4","","0","0","0","0.000","0","0","0","0","0","0","","","","","","0.069","Thu, 02 Oct 2025 20:57:51 GMT","","","","","1.1","","","","","","https://businessrocket.ai/wp-content/uploads/2026/02/image6-1024x727.jpg","2026-02-19 16:21:03"
"https://businessrocket.ai/wp-content/uploads/2026/02/image6-1024x487.png","image/png","200","OK","Indexable","","","0","0","","0","0","","0","","0","","0","","0","","","","","","","","","","145502","145502","145502","55.739","","0","","","","","0.000","3","4","","0","0","0","0.000","0","0","0","0","0","0","","","","","","0.063","Thu, 11 Sep 2025 14:43:58 GMT","","","","","1.1","","","","","","https://businessrocket.ai/wp-content/uploads/2026/02/image6-1024x487.png","2026-02-19 16:21:06"
"https://businessrocket.ai/wp-content/uploads/2026/02/image5-300x169.jpg","image/webp","200","OK","Indexable","","","0","0","","0","0","","0","","0","","0","","0","","","","","","","","","","1358","1358","1358","0.520","","0","","","","","0.000","2","4","","0","0","0","0.000","0","0","0","0","0","0","","","","","","0.051","Wed, 01 Oct 2025 14:12:03 GMT","","","","","1.1","","","","","","https://businessrocket.ai/wp-content/uploads/2026/02/image5-300x169.jpg","2026-02-19 16:21:01"
"https://businessrocket.ai/wp-content/uploads/2026/02/image5-2-1024x613.png","image/png","200","OK","Indexable","","","0","0","","0","0","","0","","0","","0","","0","","","","","","","","","","151032","151032","151032","57.857","","0","","","","","0.000","3","4","","0","0","0","0.000","0","0","0","0","0","0","","","","","","0.051","Wed, 01 Oct 2025 22:39:53 GMT","","","","","1.1","","","","","","https://businessrocket.ai/wp-content/uploads/2026/02/image5-2-1024x613.png","2026-02-19 16:21:14"
"https://businessrocket.ai/wp-content/uploads/2026/02/image5-1024x576.jpg","image/jpeg","200","OK","Indexable","","","0","0","","0","0","","0","","0","","0","","0","","","","","","","","","","7835","7835","7835","3.001","","0","","","","","0.000","3","4","","0","0","0","0.000","0","0","0","0","0","0","","","","","","0.052","Wed, 01 Oct 2025 14:12:05 GMT","","","","","1.1","","","","","","https://businessrocket.ai/wp-content/uploads/2026/02/image5-1024x576.jpg","2026-02-19 16:21:02"
"https://businessrocket.ai/wp-content/uploads/2026/02/image5-1024x459.png","image/png","200","OK","Indexable","","","0","0","","0","0","","0","","0","","0","","0","","","","","","","","","","265756","265756","265756","101.806","","0","","","","","0.000","3","4","","0","0","0","0.000","0","0","0","0","0","0","","","","","","0.047","Thu, 11 Sep 2025 14:43:32 GMT","","","","","1.1","","","","","","https://businessrocket.ai/wp-content/uploads/2026/02/image5-1024x459.png","2026-02-19 16:21:07"
"https://businessrocket.ai/wp-content/uploads/2026/02/image5-1.png","image/png","200","OK","Indexable","","","0","0","","0","0","","0","","0","","0","","0","","","","","","","","","","19665","19665","19665","7.533","","0","","","","","0.000","3","4","","0","0","0","0.000","0","0","0","0","0","0","","","","","","0.061","Wed, 01 Oct 2025 21:56:19 GMT","","","","","1.1","","","","","","https://businessrocket.ai/wp-content/uploads/2026/02/image5-1.png","2026-02-19 16:21:08"
"https://businessrocket.ai/wp-content/uploads/2026/02/image5-1-1024x815.jpg","image/jpeg","200","OK","Indexable","","","0","0","","0","0","","0","","0","","0","","0","","","","","","","","","","51339","51339","51339","19.667","","0","","","","","0.000","3","4","","0","0","0","0.000","0","0","0","0","0","0","","","","","","0.070","Thu, 02 Oct 2025 20:57:38 GMT","","","","","1.1","","","","","","https://businessrocket.ai/wp-content/uploads/2026/02/image5-1-1024x815.jpg","2026-02-19 16:21:04"
"https://businessrocket.ai/wp-content/uploads/2026/02/image4-300x187.jpg","image/webp","200","OK","Indexable","","","0","0","","0","0","","0","","0","","0","","0","","","","","","","","","","11978","11978","11978","4.589","","0","","","","","0.000","2","4","","0","0","0","0.000","0","0","0","0","0","0","","","","","","0.048","Wed, 01 Oct 2025 21:56:12 GMT","","","","","1.1","","","","","","https://businessrocket.ai/wp-content/uploads/2026/02/image4-300x187.jpg","2026-02-19 16:21:01"
"https://businessrocket.ai/wp-content/uploads/2026/02/image4-2-1024x838.jpg","image/jpeg","200","OK","Indexable","","","0","0","","0","0","","0","","0","","0","","0","","","","","","","","","","110044","110044","110044","42.156","","0","","","","","0.000","3","4","","0","0","0","0.000","0","0","0","0","0","0","","","","","","0.067","Thu, 02 Oct 2025 20:57:22 GMT","","","","","1.1","","","","","","https://businessrocket.ai/wp-content/uploads/2026/02/image4-2-1024x838.jpg","2026-02-19 16:21:03"
"https://businessrocket.ai/wp-content/uploads/2026/02/image4-2-1024x399.png","image/png","200","OK","Indexable","","","0","0","","0","0","","0","","0","","0","","0","","","","","","","","","","53518","53518","53518","20.502","","0","","","","","0.000","3","4","","0","0","0","0.000","0","0","0","0","0","0","","","","","","0.072","Wed, 01 Oct 2025 22:39:30 GMT","","","","","1.1","","","","","","https://businessrocket.ai/wp-content/uploads/2026/02/image4-2-1024x399.png","2026-02-19 16:21:14"
"https://businessrocket.ai/wp-content/uploads/2026/02/image4-1024x640.jpg","image/jpeg","200","OK","Indexable","","","0","0","","0","0","","0","","0","","0","","0","","","","","","","","","","90884","90884","90884","34.816","","0","","","","","0.000","3","4","","0","0","0","0.000","0","0","0","0","0","0","","","","","","0.053","Wed, 01 Oct 2025 21:56:14 GMT","","","","","1.1","","","","","","https://businessrocket.ai/wp-content/uploads/2026/02/image4-1024x640.jpg","2026-02-19 16:21:08"
"https://businessrocket.ai/wp-content/uploads/2026/02/image4-1024x498.png","image/png","200","OK","Indexable","","","0","0","","0","0","","0","","0","","0","","0","","","","","","","","","","156896","156896","156896","60.104","","0","","","","","0.000","3","4","","0","0","0","0.000","0","0","0","0","0","0","","","","","","0.056","Thu, 11 Sep 2025 14:43:02 GMT","","","","","1.1","","","","","","https://businessrocket.ai/wp-content/uploads/2026/02/image4-1024x498.png","2026-02-19 16:21:06"
"https://businessrocket.ai/wp-content/uploads/2026/02/image4-1-300x216.jpg","image/webp","200","OK","Indexable","","","0","0","","0","0","","0","","0","","0","","0","","","","","","","","","","11032","11032","11032","4.226","","0","","","","","0.000","2","4","","0","0","0","0.000","0","0","0","0","0","0","","","","","","0.078","Thu, 02 Oct 2025 17:18:44 GMT","","","","","1.1","","","","","","https://businessrocket.ai/wp-content/uploads/2026/02/image4-1-300x216.jpg","2026-02-19 16:21:01"
"https://businessrocket.ai/wp-content/uploads/2026/02/image4-1-1024x737.jpg","image/jpeg","200","OK","Indexable","","","0","0","","0","0","","0","","0","","0","","0","","","","","","","","","","70011","70011","70011","26.820","","0","","","","","0.000","3","4","","0","0","0","0.000","0","0","0","0","0","0","","","","","","0.048","Thu, 02 Oct 2025 17:18:47 GMT","","","","","1.1","","","","","","https://businessrocket.ai/wp-content/uploads/2026/02/image4-1-1024x737.jpg","2026-02-19 16:21:13"
"https://businessrocket.ai/wp-content/uploads/2026/02/image4-1-1024x647.png","image/png","200","OK","Indexable","","","0","0","","0","0","","0","","0","","0","","0","","","","","","","","","","185384","185384","185384","71.017","","0","","","","","0.000","3","4","","0","0","0","0.000","0","0","0","0","0","0","","","","","","0.055","Wed, 01 Oct 2025 14:11:52 GMT","","","","","1.1","","","","","","https://businessrocket.ai/wp-content/uploads/2026/02/image4-1-1024x647.png","2026-02-19 16:21:02"
"https://businessrocket.ai/wp-content/uploads/2026/02/image3-3-1024x493.png","image/png","200","OK","Indexable","","","0","0","","0","0","","0","","0","","0","","0","","","","","","","","","","26503","26503","26503","10.153","","0","","","","","0.000","3","4","","0","0","0","0.000","0","0","0","0","0","0","","","","","","0.061","Wed, 01 Oct 2025 22:39:07 GMT","","","","","1.1","","","","","","https://businessrocket.ai/wp-content/uploads/2026/02/image3-3-1024x493.png","2026-02-19 16:21:15"
"https://businessrocket.ai/wp-content/uploads/2026/02/image3-2-1024x469.png","image/png","200","OK","Indexable","","","0","0","","0","0","","0","","0","","0","","0","","","","","","","","","","83826","83826","83826","32.112","","0","","","","","0.000","3","4","","0","0","0","0.000","0","0","0","0","0","0","","","","","","0.048","Wed, 01 Oct 2025 21:56:00 GMT","","","","","1.1","","","","","","https://businessrocket.ai/wp-content/uploads/2026/02/image3-2-1024x469.png","2026-02-19 16:21:08"
"https://businessrocket.ai/wp-content/uploads/2026/02/image3-1024x675.jpg","image/jpeg","200","OK","Indexable","","","0","0","","0","0","","0","","0","","0","","0","","","","","","","","","","46917","46917","46917","17.973","","0","","","","","0.000","3","4","","0","0","0","0.000","0","0","0","0","0","0","","","","","","0.087","Thu, 02 Oct 2025 17:18:32 GMT","","","","","1.1","","","","","","https://businessrocket.ai/wp-content/uploads/2026/02/image3-1024x675.jpg","2026-02-19 16:21:12"
"https://businessrocket.ai/wp-content/uploads/2026/02/image3-1024x403.png","image/png","200","OK","Indexable","","","0","0","","0","0","","0","","0","","0","","0","","","","","","","","","","87486","87486","87486","33.514","","0","","","","","0.000","3","4","","0","0","0","0.000","0","0","0","0","0","0","","","","","","0.054","Thu, 11 Sep 2025 14:42:40 GMT","","","","","1.1","","","","","","https://businessrocket.ai/wp-content/uploads/2026/02/image3-1024x403.png","2026-02-19 16:21:06"
"https://businessrocket.ai/wp-content/uploads/2026/02/image3-1.png","image/png","200","OK","Indexable","","","0","0","","0","0","","0","","0","","0","","0","","","","","","","","","","31324","31324","31324","12.000","","0","","","","","0.000","3","4","","0","0","0","0.000","0","0","0","0","0","0","","","","","","0.055","Wed, 01 Oct 2025 14:11:33 GMT","","","","","1.1","","","","","","https://businessrocket.ai/wp-content/uploads/2026/02/image3-1.png","2026-02-19 16:21:02"
"https://businessrocket.ai/wp-content/uploads/2026/02/image3-1-1024x817.jpg","image/jpeg","200","OK","Indexable","","","0","0","","0","0","","0","","0","","0","","0","","","","","","","","","","40444","40444","40444","15.493","","0","","","","","0.000","3","4","","0","0","0","0.000","0","0","0","0","0","0","","","","","","0.061","Thu, 02 Oct 2025 20:57:08 GMT","","","","","1.1","","","","","","https://businessrocket.ai/wp-content/uploads/2026/02/image3-1-1024x817.jpg","2026-02-19 16:21:04"
"https://businessrocket.ai/wp-content/uploads/2026/02/image2-2-1024x943.jpg","image/jpeg","200","OK","Indexable","","","0","0","","0","0","","0","","0","","0","","0","","","","","","","","","","73504","73504","73504","28.158","","0","","","","","0.000","3","4","","0","0","0","0.000","0","0","0","0","0","0","","","","","","0.058","Thu, 02 Oct 2025 21:02:54 GMT","","","","","1.1","","","","","","https://businessrocket.ai/wp-content/uploads/2026/02/image2-2-1024x943.jpg","2026-02-19 16:21:03"
"https://businessrocket.ai/wp-content/uploads/2026/02/image2-2-1024x516.png","image/png","200","OK","Indexable","","","0","0","","0","0","","0","","0","","0","","0","","","","","","","","","","29948","29948","29948","11.473","","0","","","","","0.000","3","4","","0","0","0","0.000","0","0","0","0","0","0","","","","","","0.047","Wed, 01 Oct 2025 21:55:45 GMT","","","","","1.1","","","","","","https://businessrocket.ai/wp-content/uploads/2026/02/image2-2-1024x516.png","2026-02-19 16:21:08"
"https://businessrocket.ai/wp-content/uploads/2026/02/image2-1024x427.png","image/png","200","OK","Indexable","","","0","0","","0","0","","0","","0","","0","","0","","","","","","","","","","111710","111710","111710","42.794","","0","","","","","0.000","3","4","","0","0","0","0.000","0","0","0","0","0","0","","","","","","0.022","Thu, 11 Sep 2025 14:42:20 GMT","","","","","1.1","","","","","","https://businessrocket.ai/wp-content/uploads/2026/02/image2-1024x427.png","2026-02-19 16:21:05"
"https://businessrocket.ai/wp-content/uploads/2026/02/image2-1024x1024.jpg","image/jpeg","200","OK","Indexable","","","0","0","","0","0","","0","","0","","0","","0","","","","","","","","","","53281","53281","53281","20.411","","0","","","","","0.000","3","4","","0","0","0","0.000","0","0","0","0","0","0","","","","","","0.060","Wed, 01 Oct 2025 22:38:54 GMT","","","","","1.1","","","","","","https://businessrocket.ai/wp-content/uploads/2026/02/image2-1024x1024.jpg","2026-02-19 16:21:14"
"https://businessrocket.ai/wp-content/uploads/2026/02/image2-1.jpg","image/jpeg","200","OK","Indexable","","","0","0","","0","0","","0","","0","","0","","0","","","","","","","","","","86235","86235","86235","33.035","","0","","","","","0.000","3","4","","0","0","0","0.000","0","0","0","0","0","0","","","","","","0.053","Thu, 02 Oct 2025 17:18:15 GMT","","","","","1.1","","","","","","https://businessrocket.ai/wp-content/uploads/2026/02/image2-1.jpg","2026-02-19 16:21:13"
"https://businessrocket.ai/wp-content/uploads/2026/02/image2-1-1024x658.png","image/png","200","OK","Indexable","","","0","0","","0","0","","0","","0","","0","","0","","","","","","","","","","32102","32102","32102","12.298","","0","","","","","0.000","3","4","","0","0","0","0.000","0","0","0","0","0","0","","","","","","0.078","Wed, 01 Oct 2025 14:11:29 GMT","","","","","1.1","","","","","","https://businessrocket.ai/wp-content/uploads/2026/02/image2-1-1024x658.png","2026-02-19 16:21:03"
"https://businessrocket.ai/wp-content/uploads/2026/02/image15-1024x698.jpg","image/jpeg","200","OK","Indexable","","","0","0","","0","0","","0","","0","","0","","0","","","","","","","","","","27258","27258","27258","10.442","","0","","","","","0.000","3","4","","0","0","0","0.000","0","0","0","0","0","0","","","","","","0.062","Thu, 02 Oct 2025 21:02:32 GMT","","","","","1.1","","","","","","https://businessrocket.ai/wp-content/uploads/2026/02/image15-1024x698.jpg","2026-02-19 16:21:03"
"https://businessrocket.ai/wp-content/uploads/2026/02/image14-1024x707.jpg","image/jpeg","200","OK","Indexable","","","0","0","","0","0","","0","","0","","0","","0","","","","","","","","","","32372","32372","32372","12.401","","0","","","","","0.000","3","4","","0","0","0","0.000","0","0","0","0","0","0","","","","","","0.072","Thu, 02 Oct 2025 21:02:22 GMT","","","","","1.1","","","","","","https://businessrocket.ai/wp-content/uploads/2026/02/image14-1024x707.jpg","2026-02-19 16:21:04"
"https://businessrocket.ai/wp-content/uploads/2026/02/image14-1024x460.png","image/png","200","OK","Indexable","","","0","0","","0","0","","0","","0","","0","","0","","","","","","","","","","188419","188419","188419","72.180","","0","","","","","0.000","3","4","","0","0","0","0.000","0","0","0","0","0","0","","","","","","0.042","Thu, 11 Sep 2025 14:49:14 GMT","","","","","1.1","","","","","","https://businessrocket.ai/wp-content/uploads/2026/02/image14-1024x460.png","2026-02-19 16:21:06"
"https://businessrocket.ai/wp-content/uploads/2026/02/image13-1024x739.jpg","image/jpeg","200","OK","Indexable","","","0","0","","0","0","","0","","0","","0","","0","","","","","","","","","","41032","41032","41032","15.719","","0","","","","","0.000","3","4","","0","0","0","0.000","0","0","0","0","0","0","","","","","","0.061","Thu, 02 Oct 2025 21:02:11 GMT","","","","","1.1","","","","","","https://businessrocket.ai/wp-content/uploads/2026/02/image13-1024x739.jpg","2026-02-19 16:21:03"
"https://businessrocket.ai/wp-content/uploads/2026/02/image13-1024x434.png","image/png","200","OK","Indexable","","","0","0","","0","0","","0","","0","","0","","0","","","","","","","","","","182121","182121","182121","69.767","","0","","","","","0.000","3","4","","0","0","0","0.000","0","0","0","0","0","0","","","","","","0.054","Thu, 11 Sep 2025 14:48:51 GMT","","","","","1.1","","","","","","https://businessrocket.ai/wp-content/uploads/2026/02/image13-1024x434.png","2026-02-19 16:21:05"
"https://businessrocket.ai/wp-content/uploads/2026/02/image12-1024x773.jpg","image/jpeg","200","OK","Indexable","","","0","0","","0","0","","0","","0","","0","","0","","","","","","","","","","68423","68423","68423","26.212","","0","","","","","0.000","3","4","","0","0","0","0.000","0","0","0","0","0","0","","","","","","0.056","Thu, 02 Oct 2025 20:59:20 GMT","","","","","1.1","","","","","","https://businessrocket.ai/wp-content/uploads/2026/02/image12-1024x773.jpg","2026-02-19 16:21:03"
"https://businessrocket.ai/wp-content/uploads/2026/02/image12-1024x403.png","image/png","200","OK","Indexable","","","0","0","","0","0","","0","","0","","0","","0","","","","","","","","","","104466","104466","104466","40.019","","0","","","","","0.000","3","4","","0","0","0","0.000","0","0","0","0","0","0","","","","","","0.139","Thu, 11 Sep 2025 14:48:28 GMT","","","","","1.1","","","","","","https://businessrocket.ai/wp-content/uploads/2026/02/image12-1024x403.png","2026-02-19 16:21:06"
"https://businessrocket.ai/wp-content/uploads/2026/02/image11-300x175.jpg","image/webp","200","OK","Indexable","","","0","0","","0","0","","0","","0","","0","","0","","","","","","","","","","2566","2566","2566","0.983","","0","","","","","0.000","2","4","","0","0","0","0.000","0","0","0","0","0","0","","","","","","0.076","Thu, 11 Sep 2025 14:48:11 GMT","","","","","1.1","","","","","","https://businessrocket.ai/wp-content/uploads/2026/02/image11-300x175.jpg","2026-02-19 16:21:01"
"https://businessrocket.ai/wp-content/uploads/2026/02/image11-1024x597.jpg","image/jpeg","200","OK","Indexable","","","0","0","","0","0","","0","","0","","0","","0","","","","","","","","","","21042","21042","21042","8.061","","0","","","","","0.000","3","4","","0","0","0","0.000","0","0","0","0","0","0","","","","","","0.052","Thu, 11 Sep 2025 14:48:13 GMT","","","","","1.1","","","","","","https://businessrocket.ai/wp-content/uploads/2026/02/image11-1024x597.jpg","2026-02-19 16:21:05"
"https://businessrocket.ai/wp-content/uploads/2026/02/image11-1-1024x773.jpg","image/jpeg","200","OK","Indexable","","","0","0","","0","0","","0","","0","","0","","0","","","","","","","","","","74846","74846","74846","28.672","","0","","","","","0.000","3","4","","0","0","0","0.000","0","0","0","0","0","0","","","","","","0.020","Thu, 02 Oct 2025 20:59:03 GMT","","","","","1.1","","","","","","https://businessrocket.ai/wp-content/uploads/2026/02/image11-1-1024x773.jpg","2026-02-19 16:21:04"
"https://businessrocket.ai/wp-content/uploads/2026/02/image10-1024x659.jpg","image/jpeg","200","OK","Indexable","","","0","0","","0","0","","0","","0","","0","","0","","","","","","","","","","39925","39925","39925","15.295","","0","","","","","0.000","3","4","","0","0","0","0.000","0","0","0","0","0","0","","","","","","0.022","Thu, 02 Oct 2025 20:58:47 GMT","","","","","1.1","","","","","","https://businessrocket.ai/wp-content/uploads/2026/02/image10-1024x659.jpg","2026-02-19 16:21:03"
"https://businessrocket.ai/wp-content/uploads/2026/02/image10-1024x477.png","image/png","200","OK","Indexable","","","0","0","","0","0","","0","","0","","0","","0","","","","","","","","","","146653","146653","146653","56.180","","0","","","","","0.000","3","4","","0","0","0","0.000","0","0","0","0","0","0","","","","","","0.062","Thu, 11 Sep 2025 14:47:58 GMT","","","","","1.1","","","","","","https://businessrocket.ai/wp-content/uploads/2026/02/image10-1024x477.png","2026-02-19 16:21:05"
"https://businessrocket.ai/wp-content/uploads/2026/02/image1-3-1024x410.png","image/png","200","OK","Indexable","","","0","0","","0","0","","0","","0","","0","","0","","","","","","","","","","105203","105203","105203","40.301","","0","","","","","0.000","3","4","","0","0","0","0.000","0","0","0","0","0","0","","","","","","0.050","Wed, 01 Oct 2025 22:38:37 GMT","","","","","1.1","","","","","","https://businessrocket.ai/wp-content/uploads/2026/02/image1-3-1024x410.png","2026-02-19 16:21:14"
"https://businessrocket.ai/wp-content/uploads/2026/02/image1-2-1024x459.png","image/png","200","OK","Indexable","","","0","0","","0","0","","0","","0","","0","","0","","","","","","","","","","152946","152946","152946","58.591","","0","","","","","0.000","3","4","","0","0","0","0.000","0","0","0","0","0","0","","","","","","0.062","Wed, 01 Oct 2025 21:55:23 GMT","","","","","1.1","","","","","","https://businessrocket.ai/wp-content/uploads/2026/02/image1-2-1024x459.png","2026-02-19 16:21:08"
"https://businessrocket.ai/wp-content/uploads/2026/02/image1-1024x684.jpg","image/jpeg","200","OK","Indexable","","","0","0","","0","0","","0","","0","","0","","0","","","","","","","","","","61823","61823","61823","23.683","","0","","","","","0.000","3","4","","0","0","0","0.000","0","0","0","0","0","0","","","","","","0.051","Thu, 02 Oct 2025 17:18:09 GMT","","","","","1.1","","","","","","https://businessrocket.ai/wp-content/uploads/2026/02/image1-1024x684.jpg","2026-02-19 16:21:13"
"https://businessrocket.ai/wp-content/uploads/2026/02/image1-1024x370.png","image/png","200","OK","Indexable","","","0","0","","0","0","","0","","0","","0","","0","","","","","","","","","","213939","213939","213939","81.956","","0","","","","","0.000","3","4","","0","0","0","0.000","0","0","0","0","0","0","","","","","","0.053","Thu, 11 Sep 2025 14:42:00 GMT","","","","","1.1","","","","","","https://businessrocket.ai/wp-content/uploads/2026/02/image1-1024x370.png","2026-02-19 16:21:05"
"https://businessrocket.ai/wp-content/uploads/2026/02/image1-1-1024x592.jpg","image/jpeg","200","OK","Indexable","","","0","0","","0","0","","0","","0","","0","","0","","","","","","","","","","15708","15708","15708","6.017","","0","","","","","0.000","3","4","","0","0","0","0.000","0","0","0","0","0","0","","","","","","0.044","Thu, 02 Oct 2025 21:02:42 GMT","","","","","1.1","","","","","","https://businessrocket.ai/wp-content/uploads/2026/02/image1-1-1024x592.jpg","2026-02-19 16:21:04"
"https://businessrocket.ai/wp-content/uploads/2026/02/image1-1-1024x425.png","image/png","200","OK","Indexable","","","0","0","","0","0","","0","","0","","0","","0","","","","","","","","","","58849","58849","58849","22.544","","0","","","","","0.000","3","4","","0","0","0","0.000","0","0","0","0","0","0","","","","","","0.076","Wed, 01 Oct 2025 14:11:14 GMT","","","","","1.1","","","","","","https://businessrocket.ai/wp-content/uploads/2026/02/image1-1-1024x425.png","2026-02-19 16:21:02"
"https://businessrocket.ai/wp-content/uploads/2026/01/screencapture-tlcrenos-ca-2026-01-14-12_52_42-scaled.webp","image/webp","200","OK","Indexable","","","0","0","","0","0","","0","","0","","0","","0","","","","","","","","","","98892","98892","98892","37.884","","0","","","","","0.000","3","4","","0","0","0","0.000","0","0","0","0","0","0","","","","","","0.046","Wed, 14 Jan 2026 11:55:58 GMT","","","","","1.1","","","","","","https://businessrocket.ai/wp-content/uploads/2026/01/screencapture-tlcrenos-ca-2026-01-14-12_52_42-scaled.webp","2026-02-19 16:21:17"
"https://businessrocket.ai/wp-content/uploads/2026/01/screencapture-rgconcrete-ca-2026-01-13-20_34_48-scaled.webp","image/webp","200","OK","Indexable","","","0","0","","0","0","","0","","0","","0","","0","","","","","","","","","","109472","109472","109472","41.937","","0","","","","","0.000","3","4","","0","0","0","0.000","0","0","0","0","0","0","","","","","","0.063","Tue, 13 Jan 2026 19:50:03 GMT","","","","","1.1","","","","","","https://businessrocket.ai/wp-content/uploads/2026/01/screencapture-rgconcrete-ca-2026-01-13-20_34_48-scaled.webp","2026-02-19 16:21:17"
"https://businessrocket.ai/wp-content/uploads/2026/01/screencapture-mymontessoritutoring-ca-2026-01-13-21_33_58-scaled.webp","image/webp","200","OK","Indexable","","","0","0","","0","0","","0","","0","","0","","0","","","","","","","","","","94080","94080","94080","36.040","","0","","","","","0.000","3","4","","0","0","0","0.000","0","0","0","0","0","0","","","","","","0.057","Tue, 13 Jan 2026 20:39:32 GMT","","","","","1.1","","","","","","https://businessrocket.ai/wp-content/uploads/2026/01/screencapture-mymontessoritutoring-ca-2026-01-13-21_33_58-scaled.webp","2026-02-19 16:21:18"
"https://businessrocket.ai/wp-content/uploads/2026/01/screencapture-cncpipeprofilers-2026-01-14-12_27_21-scaled.webp","image/webp","200","OK","Indexable","","","0","0","","0","0","","0","","0","","0","","0","","","","","","","","","","112076","112076","112076","42.934","","0","","","","","0.000","3","4","","0","0","0","0.000","0","0","0","0","0","0","","","","","","0.057","Wed, 14 Jan 2026 11:32:35 GMT","","","","","1.1","","","","","","https://businessrocket.ai/wp-content/uploads/2026/01/screencapture-cncpipeprofilers-2026-01-14-12_27_21-scaled.webp","2026-02-19 16:21:15"
"https://businessrocket.ai/wp-content/uploads/2026/01/screencapture-cashforjunkcarscalgary-ca-2026-01-13-21_45_38-scaled.webp","image/webp","200","OK","Indexable","","","0","0","","0","0","","0","","0","","0","","0","","","","","","","","","","124180","124180","124180","47.571","","0","","","","","0.000","3","4","","0","0","0","0.000","0","0","0","0","0","0","","","","","","0.019","Wed, 14 Jan 2026 11:18:47 GMT","","","","","1.1","","","","","","https://businessrocket.ai/wp-content/uploads/2026/01/screencapture-cashforjunkcarscalgary-ca-2026-01-13-21_45_38-scaled.webp","2026-02-19 16:21:17"
"https://businessrocket.ai/wp-content/uploads/2026/01/screencapture-12mileevents-2026-01-14-12_38_59-scaled.webp","image/webp","200","OK","Indexable","","","0","0","","0","0","","0","","0","","0","","0","","","","","","","","","","102686","102686","102686","39.337","","0","","","","","0.000","3","4","","0","0","0","0.000","0","0","0","0","0","0","","","","","","0.055","Wed, 14 Jan 2026 11:43:22 GMT","","","","","1.1","","","","","","https://businessrocket.ai/wp-content/uploads/2026/01/screencapture-12mileevents-2026-01-14-12_38_59-scaled.webp","2026-02-19 16:21:15"
"https://businessrocket.ai/wp-content/uploads/2026/01/montessori-1024x442.webp","image/webp","200","OK","Indexable","","","0","0","","0","0","","0","","0","","0","","0","","","","","","","","","","29786","29786","29786","11.410","","0","","","","","0.000","2","4","","0","0","0","0.000","0","0","0","0","0","0","","","","","","0.048","Tue, 13 Jan 2026 20:39:37 GMT","","","","","1.1","","","","","","https://businessrocket.ai/wp-content/uploads/2026/01/montessori-1024x442.webp","2026-02-19 16:21:01"
"https://businessrocket.ai/wp-content/uploads/2026/01/image4-2-1024x683.jpg","image/jpeg","200","OK","Indexable","","","0","0","","0","0","","0","","0","","0","","0","","","","","","","","","","73154","73154","73154","28.024","","0","","","","","0.000","4","4","","0","0","0","0.000","0","0","0","0","0","0","","","","","","0.017","Fri, 29 Aug 2025 22:29:28 GMT","","","","","1.1","","","","","","https://businessrocket.ai/wp-content/uploads/2026/01/image4-2-1024x683.jpg","2026-02-19 16:21:19"
"https://businessrocket.ai/wp-content/uploads/2026/01/image4-1024x766.jpg","image/jpeg","200","OK","Indexable","","","0","0","","0","0","","0","","0","","0","","0","","","","","","","","","","60385","60385","60385","23.132","","0","","","","","0.000","4","4","","0","0","0","0.000","0","0","0","0","0","0","","","","","","0.024","Fri, 29 Aug 2025 22:34:20 GMT","","","","","1.1","","","","","","https://businessrocket.ai/wp-content/uploads/2026/01/image4-1024x766.jpg","2026-02-19 16:21:19"
"https://businessrocket.ai/wp-content/uploads/2026/01/image15-1024x614.png","image/png","200","OK","Indexable","","","0","0","","0","0","","0","","0","","0","","0","","","","","","","","","","153460","153460","153460","58.788","","0","","","","","0.000","4","4","","0","0","0","0.000","0","0","0","0","0","0","","","","","","0.046","Fri, 29 Aug 2025 22:02:24 GMT","","","","","1.1","","","","","","https://businessrocket.ai/wp-content/uploads/2026/01/image15-1024x614.png","2026-02-19 16:21:19"
"https://businessrocket.ai/wp-content/uploads/2026/01/image11-1-1024x651.jpg","image/jpeg","200","OK","Indexable","","","0","0","","0","0","","0","","0","","0","","0","","","","","","","","","","53747","53747","53747","20.589","","0","","","","","0.000","4","4","","0","0","0","0.000","0","0","0","0","0","0","","","","","","0.051","Wed, 10 Sep 2025 11:20:32 GMT","","","","","1.1","","","","","","https://businessrocket.ai/wp-content/uploads/2026/01/image11-1-1024x651.jpg","2026-02-19 16:21:19"
"https://businessrocket.ai/wp-content/uploads/2026/01/image1-5-1024x594.jpg","image/jpeg","200","OK","Indexable","","","0","0","","0","0","","0","","0","","0","","0","","","","","","","","","","16485","16485","16485","6.315","","0","","","","","0.000","4","4","","0","0","0","0.000","0","0","0","0","0","0","","","","","","0.049","Thu, 11 Sep 2025 10:21:22 GMT","","","","","1.1","","","","","","https://businessrocket.ai/wp-content/uploads/2026/01/image1-5-1024x594.jpg","2026-02-19 16:21:20"
"https://businessrocket.ai/wp-content/uploads/2026/01/cropped-Logo-1.png","image/png","200","OK","Indexable","","","0","0","","0","0","","0","","0","","0","","0","","","","","","","","","","10785","10785","10785","4.132","","0","","","","","0.000","2","4","","0","0","0","0.000","0","0","0","0","0","0","","","","","","0.075","Wed, 14 Jan 2026 11:20:27 GMT","","","","","1.1","","","","","","https://businessrocket.ai/wp-content/uploads/2026/01/cropped-Logo-1.png","2026-02-19 16:21:00"
"https://businessrocket.ai/wp-content/uploads/2026/01/cropped-FlooringClearanceWarehouse_Jan2020-1.png","image/png","200","OK","Indexable","","","0","0","","0","0","","0","","0","","0","","0","","","","","","","","","","10632","10632","10632","4.073","","0","","","","","0.000","3","4","","0","0","0","0.000","0","0","0","0","0","0","","","","","","0.053","Mon, 12 Jan 2026 21:56:25 GMT","","","","","1.1","","","","","","https://businessrocket.ai/wp-content/uploads/2026/01/cropped-FlooringClearanceWarehouse_Jan2020-1.png","2026-02-19 16:21:16"
"https://businessrocket.ai/wp-content/uploads/2026/01/cropped-1808d9ea24475adf02ac9c05e302f6c9_X-Amz-Security-To.png","image/png","200","OK","Indexable","","","0","0","","0","0","","0","","0","","0","","0","","","","","","","","","","4200","4200","4200","1.609","","0","","","","","0.000","2","4","","0","0","0","0.000","0","0","0","0","0","0","","","","","","0.024","Wed, 14 Jan 2026 11:56:05 GMT","","","","","1.1","","","","","","https://businessrocket.ai/wp-content/uploads/2026/01/cropped-1808d9ea24475adf02ac9c05e302f6c9_X-Amz-Security-To.png","2026-02-19 16:21:01"
"https://businessrocket.ai/wp-content/uploads/2026/01/cashforjunkcars-1024x448.webp","image/webp","200","OK","Indexable","","","0","0","","0","0","","0","","0","","0","","0","","","","","","","","","","41678","41678","41678","15.966","","0","","","","","0.000","2","4","","0","0","0","0.000","0","0","0","0","0","0","","","","","","0.052","Wed, 14 Jan 2026 11:18:52 GMT","","","","","1.1","","","","","","https://businessrocket.ai/wp-content/uploads/2026/01/cashforjunkcars-1024x448.webp","2026-02-19 16:21:01"
"https://businessrocket.ai/wp-content/uploads/2026/01/Untitled-design-1.png","image/png","200","OK","Indexable","","","0","0","","0","0","","0","","0","","0","","0","","","","","","","","","","26810","26810","26810","10.270","","0","","","","","0.000","3","4","","0","0","0","0.000","0","0","0","0","0","0","","","","","","0.033","Tue, 13 Jan 2026 13:11:33 GMT","","","","","1.1","","","","","","https://businessrocket.ai/wp-content/uploads/2026/01/Untitled-design-1.png","2026-02-19 16:21:16"
"https://businessrocket.ai/wp-content/uploads/2026/01/Screenshot-2026-01-14-125207-1024x447.webp","image/webp","200","OK","Indexable","","","0","0","","0","0","","0","","0","","0","","0","","","","","","","","","","36474","36474","36474","13.972","","0","","","","","0.000","2","4","","0","0","0","0.000","0","0","0","0","0","0","","","","","","0.127","Wed, 14 Jan 2026 11:56:03 GMT","","","","","1.1","","","","","","https://businessrocket.ai/wp-content/uploads/2026/01/Screenshot-2026-01-14-125207-1024x447.webp","2026-02-19 16:21:01"
"https://businessrocket.ai/wp-content/uploads/2026/01/Screenshot-2026-01-14-123824-1024x421.webp","image/webp","200","OK","Indexable","","","0","0","","0","0","","0","","0","","0","","0","","","","","","","","","","28544","28544","28544","10.935","","0","","","","","0.000","2","4","","0","0","0","0.000","0","0","0","0","0","0","","","","","","0.053","Wed, 14 Jan 2026 11:43:26 GMT","","","","","1.1","","","","","","https://businessrocket.ai/wp-content/uploads/2026/01/Screenshot-2026-01-14-123824-1024x421.webp","2026-02-19 16:21:00"
"https://businessrocket.ai/wp-content/uploads/2026/01/Screenshot-2026-01-14-122643-1024x418.webp","image/webp","200","OK","Indexable","","","0","0","","0","0","","0","","0","","0","","0","","","","","","","","","","53500","53500","53500","20.495","","0","","","","","0.000","2","4","","0","0","0","0.000","0","0","0","0","0","0","","","","","","0.050","Wed, 14 Jan 2026 11:32:40 GMT","","","","","1.1","","","","","","https://businessrocket.ai/wp-content/uploads/2026/01/Screenshot-2026-01-14-122643-1024x418.webp","2026-02-19 16:21:01"
"https://businessrocket.ai/wp-content/uploads/2026/01/Screenshot-2026-01-13-204231-1024x473.webp","image/webp","200","OK","Indexable","","","0","0","","0","0","","0","","0","","0","","0","","","","","","","","","","26622","26622","26622","10.198","","0","","","","","0.000","2","4","","0","0","0","0.000","0","0","0","0","0","0","","","","","","0.139","Tue, 13 Jan 2026 19:49:55 GMT","","","","","1.1","","","","","","https://businessrocket.ai/wp-content/uploads/2026/01/Screenshot-2026-01-13-204231-1024x473.webp","2026-02-19 16:21:00"
"https://businessrocket.ai/wp-content/uploads/2026/01/Screenshot-2026-01-13-140510-1024x448.webp","image/webp","200","OK","Indexable","","","0","0","","0","0","","0","","0","","0","","0","","","","","","","","","","38832","38832","38832","14.876","","0","","","","","0.000","3","4","","0","0","0","0.000","0","0","0","0","0","0","","","","","","0.062","Tue, 13 Jan 2026 13:12:10 GMT","","","","","1.1","","","","","","https://businessrocket.ai/wp-content/uploads/2026/01/Screenshot-2026-01-13-140510-1024x448.webp","2026-02-19 16:21:17"
"https://businessrocket.ai/wp-content/uploads/2026/01/Screenshot-2026-01-12-225744-1024x477.webp","image/webp","200","OK","Indexable","","","0","0","","0","0","","0","","0","","0","","0","","","","","","","","","","40306","40306","40306","15.440","","0","","","","","0.000","3","4","","0","0","0","0.000","0","0","0","0","0","0","","","","","","0.070","Tue, 13 Jan 2026 12:39:44 GMT","","","","","1.1","","","","","","https://businessrocket.ai/wp-content/uploads/2026/01/Screenshot-2026-01-12-225744-1024x477.webp","2026-02-19 16:21:16"
"https://businessrocket.ai/wp-content/uploads/2026/01/RG-logo.png","image/png","200","OK","Indexable","","","0","0","","0","0","","0","","0","","0","","0","","","","","","","","","","19562","19562","19562","7.494","","0","","","","","0.000","2","4","","0","0","0","0.000","0","0","0","0","0","0","","","","","","0.048","Tue, 13 Jan 2026 19:40:31 GMT","","","","","1.1","","","","","","https://businessrocket.ai/wp-content/uploads/2026/01/RG-logo.png","2026-02-19 16:21:01"
"https://businessrocket.ai/wp-content/uploads/2026/01/Bluejayscnc-round-logo.png","image/webp","200","OK","Indexable","","","0","0","","0","0","","0","","0","","0","","0","","","","","","","","","","32440","32440","32440","12.427","","0","","","","","0.000","2","4","","0","0","0","0.000","0","0","0","0","0","0","","","","","","0.048","Wed, 14 Jan 2026 11:32:26 GMT","","","","","1.1","","","","","","https://businessrocket.ai/wp-content/uploads/2026/01/Bluejayscnc-round-logo.png","2026-02-19 16:21:00"
"https://businessrocket.ai/wp-content/uploads/2026/01/2eecf4cf69bf-Screenshot_2023_09_10_at_11.59.08_AM.png","image/png","200","OK","Indexable","","","0","0","","0","0","","0","","0","","0","","0","","","","","","","","","","47180","47180","47180","18.074","","0","","","","","0.000","2","4","","0","0","0","0.000","0","0","0","0","0","0","","","","","","0.019","Tue, 13 Jan 2026 20:39:20 GMT","","","","","1.1","","","","","","https://businessrocket.ai/wp-content/uploads/2026/01/2eecf4cf69bf-Screenshot_2023_09_10_at_11.59.08_AM.png","2026-02-19 16:21:00"
"https://businessrocket.ai/wp-content/uploads/2026/01/12miles-scaled-1.png","image/png","200","OK","Indexable","","","0","0","","0","0","","0","","0","","0","","0","","","","","","","","","","35297","35297","35297","13.522","","0","","","","","0.000","2","4","","0","0","0","0.000","0","0","0","0","0","0","","","","","","0.025","Wed, 14 Jan 2026 11:43:32 GMT","","","","","1.1","","","","","","https://businessrocket.ai/wp-content/uploads/2026/01/12miles-scaled-1.png","2026-02-19 16:21:00"
"https://businessrocket.ai/wp-content/uploads/2025/12/image2-2-1024x683.jpg","image/jpeg","200","OK","Indexable","","","0","0","","0","0","","0","","0","","0","","0","","","","","","","","","","34786","34786","34786","13.326","","0","","","","","0.000","4","4","","0","0","0","0.000","0","0","0","0","0","0","","","","","","0.053","Fri, 29 Aug 2025 22:44:51 GMT","","","","","1.1","","","","","","https://businessrocket.ai/wp-content/uploads/2025/12/image2-2-1024x683.jpg","2026-02-19 16:21:19"
"https://businessrocket.ai/wp-content/uploads/2025/12/image1-1-1024x683.jpg","image/jpeg","200","OK","Indexable","","","0","0","","0","0","","0","","0","","0","","0","","","","","","","","","","46715","46715","46715","17.896","","0","","","","","0.000","4","4","","0","0","0","0.000","0","0","0","0","0","0","","","","","","0.020","Fri, 29 Aug 2025 22:45:58 GMT","","","","","1.1","","","","","","https://businessrocket.ai/wp-content/uploads/2025/12/image1-1-1024x683.jpg","2026-02-19 16:21:19"
"https://businessrocket.ai/wp-content/uploads/2025/11/image3-1024x512.jpg","image/jpeg","200","OK","Indexable","","","0","0","","0","0","","0","","0","","0","","0","","","","","","","","","","34593","34593","34593","13.252","","0","","","","","0.000","4","4","","0","0","0","0.000","0","0","0","0","0","0","","","","","","0.048","Fri, 29 Aug 2025 22:56:37 GMT","","","","","1.1","","","","","","https://businessrocket.ai/wp-content/uploads/2025/11/image3-1024x512.jpg","2026-02-19 16:21:18"
"https://businessrocket.ai/wp-content/uploads/2025/11/image2-5-1024x683.jpg","image/jpeg","200","OK","Indexable","","","0","0","","0","0","","0","","0","","0","","0","","","","","","","","","","51847","51847","51847","19.862","","0","","","","","0.000","4","4","","0","0","0","0.000","0","0","0","0","0","0","","","","","","0.018","Fri, 29 Aug 2025 22:52:25 GMT","","","","","1.1","","","","","","https://businessrocket.ai/wp-content/uploads/2025/11/image2-5-1024x683.jpg","2026-02-19 16:21:20"
"https://businessrocket.ai/wp-content/uploads/2025/11/image2-2.jpg","image/jpeg","200","OK","Indexable","","","0","0","","0","0","","0","","0","","0","","0","","","","","","","","","","211101","211101","211101","80.869","","0","","","","","0.000","4","4","","0","0","0","0.000","0","0","0","0","0","0","","","","","","0.025","Fri, 29 Aug 2025 22:54:45 GMT","","","","","1.1","","","","","","https://businessrocket.ai/wp-content/uploads/2025/11/image2-2.jpg","2026-02-19 16:21:18"
"https://businessrocket.ai/wp-content/uploads/2025/11/image2-1-1024x732.jpg","image/jpeg","200","OK","Indexable","","","0","0","","0","0","","0","","0","","0","","0","","","","","","","","","","25491","25491","25491","9.765","","0","","","","","0.000","4","4","","0","0","0","0.000","0","0","0","0","0","0","","","","","","0.023","Fri, 29 Aug 2025 22:55:45 GMT","","","","","1.1","","","","","","https://businessrocket.ai/wp-content/uploads/2025/11/image2-1-1024x732.jpg","2026-02-19 16:21:18"
"https://businessrocket.ai/wp-content/uploads/2025/09/image4-3-1024x683.jpg","image/jpeg","200","OK","Indexable","","","0","0","","0","0","","0","","0","","0","","0","","","","","","","","","","72821","72821","72821","27.896","","0","","","","","0.000","4","4","","0","0","0","0.000","0","0","0","0","0","0","","","","","","0.020","Fri, 29 Aug 2025 23:14:11 GMT","","","","","1.1","","","","","","https://businessrocket.ai/wp-content/uploads/2025/09/image4-3-1024x683.jpg","2026-02-19 16:21:19"
"https://businessrocket.ai/wp-content/uploads/2025/09/image2-4-1024x682.jpg","image/jpeg","200","OK","Indexable","","","0","0","","0","0","","0","","0","","0","","0","","","","","","","","","","52938","52938","52938","20.280","","0","","","","","0.000","4","4","","0","0","0","0.000","0","0","0","0","0","0","","","","","","0.047","Fri, 29 Aug 2025 23:09:49 GMT","","","","","1.1","","","","","","https://businessrocket.ai/wp-content/uploads/2025/09/image2-4-1024x682.jpg","2026-02-19 16:21:19"
"https://businessrocket.ai/wp-content/uploads/2025/09/image2-2.png","image/png","200","OK","Indexable","","","0","0","","0","0","","0","","0","","0","","0","","","","","","","","","","330790","330790","330790","126.719","","0","","","","","0.000","4","4","","0","0","0","0.000","0","0","0","0","0","0","","","","","","0.047","Fri, 29 Aug 2025 23:13:14 GMT","","","","","1.1","","","","","","https://businessrocket.ai/wp-content/uploads/2025/09/image2-2.png","2026-02-19 16:21:19"
"https://businessrocket.ai/wp-content/uploads/2025/08/image4-10-1024x735.jpg","image/jpeg","200","OK","Indexable","","","0","0","","0","0","","0","","0","","0","","0","","","","","","","","","","54051","54051","54051","20.706","","0","","","","","0.000","4","4","","0","0","0","0.000","0","0","0","0","0","0","","","","","","0.037","Fri, 29 Aug 2025 21:58:43 GMT","","","","","1.1","","","","","","https://businessrocket.ai/wp-content/uploads/2025/08/image4-10-1024x735.jpg","2026-02-19 16:21:19"
"https://businessrocket.ai/wp-content/uploads/2025/08/image2-6-1024x578.jpg","image/jpeg","200","OK","Indexable","","","0","0","","0","0","","0","","0","","0","","0","","","","","","","","","","36777","36777","36777","14.089","","0","","","","","0.000","4","4","","0","0","0","0.000","0","0","0","0","0","0","","","","","","0.062","Fri, 29 Aug 2025 23:19:15 GMT","","","","","1.1","","","","","","https://businessrocket.ai/wp-content/uploads/2025/08/image2-6-1024x578.jpg","2026-02-19 16:21:19"
"https://businessrocket.ai/wp-content/uploads/2025/08/image1-7-1024x683.jpg","image/jpeg","200","OK","Indexable","","","0","0","","0","0","","0","","0","","0","","0","","","","","","","","","","55827","55827","55827","21.386","","0","","","","","0.000","4","4","","0","0","0","0.000","0","0","0","0","0","0","","","","","","0.048","Fri, 29 Aug 2025 23:08:54 GMT","","","","","1.1","","","","","","https://businessrocket.ai/wp-content/uploads/2025/08/image1-7-1024x683.jpg","2026-02-19 16:21:20"
"https://businessrocket.ai/wp-content/uploads/2025/06/Alexaisjpg-04.jpg","image/jpeg","200","OK","Indexable","","","0","0","","0","0","","0","","0","","0","","0","","","","","","","","","","68235","68235","68235","26.140","","0","","","","","0.000","1","4","","0","0","0","0.000","0","0","0","0","0","0","","","","","","0.057","Mon, 23 Jun 2025 03:24:37 GMT","","","","","1.1","","","","","","https://businessrocket.ai/wp-content/uploads/2025/06/Alexaisjpg-04.jpg","2026-02-19 16:20:55"
"https://businessrocket.ai/wp-content/uploads/2025/06/Alexaisjpg-03-1536x768-1.jpg","image/jpeg","200","OK","Indexable","","","0","0","","0","0","","0","","0","","0","","0","","","","","","","","","","36230","36230","36230","13.879","","0","","","","","0.000","2","4","","0","0","0","0.000","0","0","0","0","0","0","","","","","","0.060","Fri, 29 Aug 2025 23:33:27 GMT","","","","","1.1","","","","","","https://businessrocket.ai/wp-content/uploads/2025/06/Alexaisjpg-03-1536x768-1.jpg","2026-02-19 16:21:02"
"https://businessrocket.ai/wp-content/uploads/2025/06/Alexaisjpg-02-1536x768-1.jpg","image/jpeg","200","OK","Indexable","","","0","0","","0","0","","0","","0","","0","","0","","","","","","","","","","24994","24994","24994","9.575","","0","","","","","0.000","1","4","","0","0","0","0.000","0","0","0","0","0","0","","","","","","0.058","Fri, 29 Aug 2025 23:34:07 GMT","","","","","1.1","","","","","","https://businessrocket.ai/wp-content/uploads/2025/06/Alexaisjpg-02-1536x768-1.jpg","2026-02-19 16:20:57"
"https://businessrocket.ai/wp-content/uploads/2025/06/Alexaisjpg-01-1536x768-1.jpg","image/jpeg","200","OK","Indexable","","","0","0","","0","0","","0","","0","","0","","0","","","","","","","","","","21710","21710","21710","8.317","","0","","","","","0.000","1","4","","0","0","0","0.000","0","0","0","0","0","0","","","","","","0.049","Fri, 29 Aug 2025 23:34:48 GMT","","","","","1.1","","","","","","https://businessrocket.ai/wp-content/uploads/2025/06/Alexaisjpg-01-1536x768-1.jpg","2026-02-19 16:20:55"
"https://businessrocket.ai/wp-content/uploads/2025/04/images-1.jpg","image/jpeg","200","OK","Indexable","","","0","0","","0","0","","0","","0","","0","","0","","","","","","","","","","3295","3295","3295","1.262","","0","","","","","0.000","2","4","","0","0","0","0.000","0","0","0","0","0","0","","","","","","0.059","Fri, 29 Aug 2025 23:36:56 GMT","","","","","1.1","","","","","","https://businessrocket.ai/wp-content/uploads/2025/04/images-1.jpg","2026-02-19 16:21:02"
"https://businessrocket.ai/wp-content/uploads/2025/04/aastrea.jpg","image/jpeg","200","OK","Indexable","","","0","0","","0","0","","0","","0","","0","","0","","","","","","","","","","13130","13130","13130","5.030","","0","","","","","0.000","3","4","","0","0","0","0.000","0","0","0","0","0","0","","","","","","0.057","Fri, 29 Aug 2025 23:36:58 GMT","","","","","1.1","","","","","","https://businessrocket.ai/wp-content/uploads/2025/04/aastrea.jpg","2026-02-19 16:21:16"
"https://businessrocket.ai/wp-content/uploads/2025/04/Logobrand-05.png","image/png","200","OK","Indexable","","","0","0","","0","0","","0","","0","","0","","0","","","","","","","","","","2448","2448","2448","0.938","","0","","","","","0.000","3","4","","0","0","0","0.000","0","0","0","0","0","0","","","","","","0.021","Fri, 29 Aug 2025 23:36:57 GMT","","","","","1.1","","","","","","https://businessrocket.ai/wp-content/uploads/2025/04/Logobrand-05.png","2026-02-19 16:21:16"
"https://businessrocket.ai/wp-content/uploads/2025/04/Logobrand-03.png","image/png","200","OK","Indexable","","","0","0","","0","0","","0","","0","","0","","0","","","","","","","","","","1910","1910","1910","0.732","","0","","","","","0.000","3","4","","0","0","0","0.000","0","0","0","0","0","0","","","","","","0.054","Fri, 29 Aug 2025 23:37:00 GMT","","","","","1.1","","","","","","https://businessrocket.ai/wp-content/uploads/2025/04/Logobrand-03.png","2026-02-19 16:21:16"
"https://businessrocket.ai/wp-content/uploads/2025/04/BR-PNG-Blue-300x300.png","image/png","200","OK","Indexable","","","0","0","","0","0","","0","","0","","0","","0","","","","","","","","","","18826","18826","18826","7.212","","0","","","","","0.000","1","4","","0","0","0","0.000","0","0","0","0","0","0","","","","","","0.052","Fri, 29 Aug 2025 23:31:34 GMT","","","","","1.1","","","","","","https://businessrocket.ai/wp-content/uploads/2025/04/BR-PNG-Blue-300x300.png","2026-02-19 16:20:58"
"https://businessrocket.ai/wp-content/uploads/2025/04/BR-PNG-Blue-1-300x300.png","image/png","200","OK","Indexable","","","0","0","","0","0","","0","","0","","0","","0","","","","","","","","","","18826","18826","18826","7.212","","0","","","","","0.000","1","4","","0","0","0","0.000","0","0","0","0","0","0","","","","","","0.058","Tue, 09 Sep 2025 16:32:12 GMT","","","","","1.1","","","","","","https://businessrocket.ai/wp-content/uploads/2025/04/BR-PNG-Blue-1-300x300.png","2026-02-19 16:20:59"
"https://businessrocket.ai/wp-content/uploads/2025/03/li.png","image/png","200","OK","Indexable","","","0","0","","0","0","","0","","0","","0","","0","","","","","","","","","","29808","29808","29808","11.419","","0","","","","","0.000","2","4","","0","0","0","0.000","0","0","0","0","0","0","","","","","","0.050","Fri, 29 Aug 2025 23:41:18 GMT","","","","","1.1","","","","","","https://businessrocket.ai/wp-content/uploads/2025/03/li.png","2026-02-19 16:21:02"
"https://businessrocket.ai/wp-content/uploads/2025/03/Untitled-design-6-300x300.png","image/png","200","OK","Indexable","","","0","0","","0","0","","0","","0","","0","","0","","","","","","","","","","29650","29650","29650","11.358","","0","","","","","0.000","1","4","","0","0","0","0.000","0","0","0","0","0","0","","","","","","0.046","Fri, 29 Aug 2025 23:39:02 GMT","","","","","1.1","","","","","","https://businessrocket.ai/wp-content/uploads/2025/03/Untitled-design-6-300x300.png","2026-02-19 16:20:57"
"https://businessrocket.ai/wp-content/uploads/2025/03/Untitled-design-5.png","image/png","200","OK","Indexable","","","0","0","","0","0","","0","","0","","0","","0","","","","","","","","","","214790","214790","214790","82.282","","0","","","","","0.000","1","4","","0","0","0","0.000","0","0","0","0","0","0","","","","","","0.057","Fri, 29 Aug 2025 23:40:47 GMT","","","","","1.1","","","","","","https://businessrocket.ai/wp-content/uploads/2025/03/Untitled-design-5.png","2026-02-19 16:20:57"
"https://businessrocket.ai/wp-content/uploads/2025/03/San-Corp.webp","image/webp","200","OK","Indexable","","","0","0","","0","0","","0","","0","","0","","0","","","","","","","","","","36814","36814","36814","14.103","","0","","","","","0.000","1","4","","0","0","0","0.000","0","0","0","0","0","0","","","","","","0.064","Sat, 08 Mar 2025 15:50:42 GMT","","","","","1.1","","","","","","https://businessrocket.ai/wp-content/uploads/2025/03/San-Corp.webp","2026-02-19 16:20:56"
"https://businessrocket.ai/wp-content/uploads/2025/03/San-Corp-1024x451.webp","image/webp","200","OK","Indexable","","","0","0","","0","0","","0","","0","","0","","0","","","","","","","","","","23304","23304","23304","8.927","","0","","","","","0.000","3","4","","0","0","0","0.000","0","0","0","0","0","0","","","","","","0.062","Sat, 08 Mar 2025 15:50:43 GMT","","","","","1.1","","","","","","https://businessrocket.ai/wp-content/uploads/2025/03/San-Corp-1024x451.webp","2026-02-19 16:21:16"
"https://businessrocket.ai/wp-content/uploads/2025/03/Pink-Pumpking-Farm.webp","image/webp","200","OK","Indexable","","","0","0","","0","0","","0","","0","","0","","0","","","","","","","","","","71114","71114","71114","27.242","","0","","","","","0.000","1","4","","0","0","0","0.000","0","0","0","0","0","0","","","","","","0.055","Sat, 08 Mar 2025 15:47:37 GMT","","","","","1.1","","","","","","https://businessrocket.ai/wp-content/uploads/2025/03/Pink-Pumpking-Farm.webp","2026-02-19 16:20:55"
"https://businessrocket.ai/wp-content/uploads/2025/03/Pink-Pumpking-Farm-1024x445.webp","image/webp","200","OK","Indexable","","","0","0","","0","0","","0","","0","","0","","0","","","","","","","","","","40358","40358","40358","15.460","","0","","","","","0.000","3","4","","0","0","0","0.000","0","0","0","0","0","0","","","","","","0.068","Sat, 08 Mar 2025 15:47:38 GMT","","","","","1.1","","","","","","https://businessrocket.ai/wp-content/uploads/2025/03/Pink-Pumpking-Farm-1024x445.webp","2026-02-19 16:21:16"
"https://businessrocket.ai/wp-content/uploads/2025/03/High-Society-Marketing.webp","image/webp","200","OK","Indexable","","","0","0","","0","0","","0","","0","","0","","0","","","","","","","","","","41204","41204","41204","15.784","","0","","","","","0.000","1","4","","0","0","0","0.000","0","0","0","0","0","0","","","","","","0.044","Sat, 08 Mar 2025 15:44:45 GMT","","","","","1.1","","","","","","https://businessrocket.ai/wp-content/uploads/2025/03/High-Society-Marketing.webp","2026-02-19 16:20:58"
"https://businessrocket.ai/wp-content/uploads/2025/03/High-Society-Marketing-1024x430.webp","image/webp","200","OK","Indexable","","","0","0","","0","0","","0","","0","","0","","0","","","","","","","","","","24072","24072","24072","9.222","","0","","","","","0.000","3","4","","0","0","0","0.000","0","0","0","0","0","0","","","","","","0.053","Sat, 08 Mar 2025 15:44:45 GMT","","","","","1.1","","","","","","https://businessrocket.ai/wp-content/uploads/2025/03/High-Society-Marketing-1024x430.webp","2026-02-19 16:21:16"
"https://businessrocket.ai/wp-content/uploads/2025/03/Astrea-Real-Estate-1.webp","image/webp","200","OK","Indexable","","","0","0","","0","0","","0","","0","","0","","0","","","","","","","","","","135298","135298","135298","51.830","","0","","","","","0.000","1","4","","0","0","0","0.000","0","0","0","0","0","0","","","","","","0.042","Fri, 29 Aug 2025 23:40:36 GMT","","","","","1.1","","","","","","https://businessrocket.ai/wp-content/uploads/2025/03/Astrea-Real-Estate-1.webp","2026-02-19 16:20:57"
"https://businessrocket.ai/wp-content/uploads/2025/03/Astrea-Real-Estate-1-1024x439.webp","image/webp","200","OK","Indexable","","","0","0","","0","0","","0","","0","","0","","0","","","","","","","","","","46838","46838","46838","17.943","","0","","","","","0.000","3","4","","0","0","0","0.000","0","0","0","0","0","0","","","","","","0.021","Fri, 29 Aug 2025 23:40:37 GMT","","","","","1.1","","","","","","https://businessrocket.ai/wp-content/uploads/2025/03/Astrea-Real-Estate-1-1024x439.webp","2026-02-19 16:21:16"
"https://businessrocket.ai/wp-content/uploads/2025/02/icon-06.png","image/png","200","OK","Indexable","","","0","0","","0","0","","0","","0","","0","","0","","","","","","","","","","11835","11835","11835","4.534","","0","","","","","0.000","2","4","","0","0","0","0.000","0","0","0","0","0","0","","","","","","0.050","Fri, 29 Aug 2025 23:49:02 GMT","","","","","1.1","","","","","","https://businessrocket.ai/wp-content/uploads/2025/02/icon-06.png","2026-02-19 16:21:00"
"https://businessrocket.ai/wp-content/uploads/2025/02/icon-05.png","image/png","200","OK","Indexable","","","0","0","","0","0","","0","","0","","0","","0","","","","","","","","","","12679","12679","12679","4.857","","0","","","","","0.000","2","4","","0","0","0","0.000","0","0","0","0","0","0","","","","","","0.047","Fri, 29 Aug 2025 23:48:29 GMT","","","","","1.1","","","","","","https://businessrocket.ai/wp-content/uploads/2025/02/icon-05.png","2026-02-19 16:21:00"
"https://businessrocket.ai/wp-content/uploads/2025/02/icon-01.png","image/png","200","OK","Indexable","","","0","0","","0","0","","0","","0","","0","","0","","","","","","","","","","14561","14561","14561","5.578","","0","","","","","0.000","2","4","","0","0","0","0.000","0","0","0","0","0","0","","","","","","0.052","Fri, 29 Aug 2025 23:49:36 GMT","","","","","1.1","","","","","","https://businessrocket.ai/wp-content/uploads/2025/02/icon-01.png","2026-02-19 16:21:00"
"https://businessrocket.ai/wp-content/uploads/2025/02/Logobrand-05.png","image/png","200","OK","Indexable","","","0","0","","0","0","","0","","0","","0","","0","","","","","","","","","","2448","2448","2448","0.938","","0","","","","","0.000","1","4","","0","0","0","0.000","0","0","0","0","0","0","","","","","","0.056","Fri, 29 Aug 2025 23:49:08 GMT","","","","","1.1","","","","","","https://businessrocket.ai/wp-content/uploads/2025/02/Logobrand-05.png","2026-02-19 16:20:59"
"https://businessrocket.ai/wp-content/uploads/2025/02/Alexaisjpg-03.jpg","image/jpeg","200","OK","Indexable","","","0","0","","0","0","","0","","0","","0","","0","","","","","","","","","","58849","58849","58849","22.544","","0","","","","","0.000","1","4","","0","0","0","0.000","0","0","0","0","0","0","","","","","","0.043","Mon, 30 Jun 2025 22:17:01 GMT","","","","","1.1","","","","","","https://businessrocket.ai/wp-content/uploads/2025/02/Alexaisjpg-03.jpg","2026-02-19 16:21:00"
"https://businessrocket.ai/wp-content/uploads/2025/02/5.png","image/png","200","OK","Indexable","","","0","0","","0","0","","0","","0","","0","","0","","","","","","","","","","234242","234242","234242","89.734","","0","","","","","0.000","1","4","","0","0","0","0.000","0","0","0","0","0","0","","","","","","0.042","Fri, 29 Aug 2025 23:41:36 GMT","","","","","1.1","","","","","","https://businessrocket.ai/wp-content/uploads/2025/02/5.png","2026-02-19 16:20:59"
"https://businessrocket.ai/wp-content/uploads/2025/02/3.png","image/png","200","OK","Indexable","","","0","0","","0","0","","0","","0","","0","","0","","","","","","","","","","197238","197238","197238","75.558","","0","","","","","0.000","1","4","","0","0","0","0.000","0","0","0","0","0","0","","","","","","0.045","Fri, 29 Aug 2025 23:42:26 GMT","","","","","1.1","","","","","","https://businessrocket.ai/wp-content/uploads/2025/02/3.png","2026-02-19 16:20:59"
"https://businessrocket.ai/wp-content/uploads/2025/02/2.png","image/png","200","OK","Indexable","","","0","0","","0","0","","0","","0","","0","","0","","","","","","","","","","184453","184453","184453","70.660","","0","","","","","0.000","1","4","","0","0","0","0.000","0","0","0","0","0","0","","","","","","0.048","Fri, 29 Aug 2025 23:42:42 GMT","","","","","1.1","","","","","","https://businessrocket.ai/wp-content/uploads/2025/02/2.png","2026-02-19 16:20:55"
"https://businessrocket.ai/wp-content/uploads/2025/02/1.png","image/png","200","OK","Indexable","","","0","0","","0","0","","0","","0","","0","","0","","","","","","","","","","213645","213645","213645","81.843","","0","","","","","0.000","1","4","","0","0","0","0.000","0","0","0","0","0","0","","","","","","0.050","Fri, 29 Aug 2025 23:43:07 GMT","","","","","1.1","","","","","","https://businessrocket.ai/wp-content/uploads/2025/02/1.png","2026-02-19 16:20:58"
"https://businessrocket.ai/wp-content/themes/hello-elementor/assets/js/hello-frontend.js?ver=3.4.6","application/javascript","200","OK","Indexable","","","0","0","","0","0","","0","","0","","0","","0","","","","","","","","","","0","0","0","0.000","","0","","","","","0.000","1","5","","0","0","0","0.000","0","0","0","0","0","0","","","","","","0.024","Sat, 31 Jan 2026 17:38:56 GMT","","","","","1.1","","","","","","https://businessrocket.ai/wp-content/themes/hello-elementor/assets/js/hello-frontend.js?ver=3.4.6","2026-02-19 16:20:58"
"https://businessrocket.ai/wp-content/themes/hello-elementor/assets/css/theme.css?ver=3.4.6","text/css","200","OK","Indexable","","","0","0","","0","0","","0","","0","","0","","0","","","","","","","","","","0","0","0","0.000","","0","","","","","0.000","1","5","","0","0","0","0.000","0","0","0","0","0","0","","","","","","0.060","Sat, 31 Jan 2026 17:38:56 GMT","","","","","1.1","","","","","","https://businessrocket.ai/wp-content/themes/hello-elementor/assets/css/theme.css?ver=3.4.6","2026-02-19 16:20:57"
"https://businessrocket.ai/wp-content/themes/hello-elementor/assets/css/reset.css?ver=3.4.6","text/css","200","OK","Indexable","","","0","0","","0","0","","0","","0","","0","","0","","","","","","","","","","0","0","0","0.000","","0","","","","","0.000","1","5","","0","0","0","0.000","0","0","0","0","0","0","","","","","","0.052","Sat, 31 Jan 2026 17:38:56 GMT","","","","","1.1","","","","","","https://businessrocket.ai/wp-content/themes/hello-elementor/assets/css/reset.css?ver=3.4.6","2026-02-19 16:20:59"
"https://businessrocket.ai/wp-content/themes/hello-elementor/assets/css/header-footer.css?ver=3.4.6","text/css","200","OK","Indexable","","","0","0","","0","0","","0","","0","","0","","0","","","","","","","","","","0","0","0","0.000","","0","","","","","0.000","1","5","","0","0","0","0.000","0","0","0","0","0","0","","","","","","0.055","Sat, 31 Jan 2026 17:38:56 GMT","","","","","1.1","","","","","","https://businessrocket.ai/wp-content/themes/hello-elementor/assets/css/header-footer.css?ver=3.4.6","2026-02-19 16:20:58"
"https://businessrocket.ai/wp-content/plugins/x-scroll-to-top-responsive/assets/js/active.js?ver=3.1.1","application/javascript","200","OK","Indexable","","","0","0","","0","0","","0","","0","","0","","0","","","","","","","","","","0","0","0","0.000","","0","","","","","0.000","1","5","","0","0","0","0.000","0","0","0","0","0","0","","","","","","0.022","Thu, 20 Feb 2025 11:51:37 GMT","","","","","1.1","","","","","","https://businessrocket.ai/wp-content/plugins/x-scroll-to-top-responsive/assets/js/active.js?ver=3.1.1","2026-02-19 16:20:57"
"https://businessrocket.ai/wp-content/plugins/x-scroll-to-top-responsive/assets/css/fontello.css?ver=3.1.1","text/css","200","OK","Indexable","","","0","0","","0","0","","0","","0","","0","","0","","","","","","","","","","0","0","0","0.000","","0","","","","","0.000","1","5","","0","0","0","0.000","0","0","0","0","0","0","","","","","","0.047","Thu, 20 Feb 2025 11:51:37 GMT","","","","","1.1","","","","","","https://businessrocket.ai/wp-content/plugins/x-scroll-to-top-responsive/assets/css/fontello.css?ver=3.1.1","2026-02-19 16:20:59"
"https://businessrocket.ai/wp-content/plugins/x-scroll-to-top-responsive/assets/css/custom.css?ver=3.1.1","text/css","200","OK","Indexable","","","0","0","","0","0","","0","","0","","0","","0","","","","","","","","","","0","0","0","0.000","","0","","","","","0.000","1","5","","0","0","0","0.000","0","0","0","0","0","0","","","","","","0.046","Thu, 20 Feb 2025 11:51:37 GMT","","","","","1.1","","","","","","https://businessrocket.ai/wp-content/plugins/x-scroll-to-top-responsive/assets/css/custom.css?ver=3.1.1","2026-02-19 16:20:59"
"https://businessrocket.ai/wp-content/plugins/wpc-buy-now-button/assets/js/frontend.js?ver=2.1.9","application/javascript","200","OK","Indexable","","","0","0","","0","0","","0","","0","","0","","0","","","","","","","","","","0","0","0","0.000","","0","","","","","0.000","1","5","","0","0","0","0.000","0","0","0","0","0","0","","","","","","0.055","Mon, 01 Dec 2025 19:39:44 GMT","","","","","1.1","","","","","","https://businessrocket.ai/wp-content/plugins/wpc-buy-now-button/assets/js/frontend.js?ver=2.1.9","2026-02-19 16:20:55"
"https://businessrocket.ai/wp-content/plugins/wpc-buy-now-button/assets/css/frontend.css?ver=2.1.9","text/css","200","OK","Indexable","","","0","0","","0","0","","0","","0","","0","","0","","","","","","","","","","0","0","0","0.000","","0","","","","","0.000","1","5","","0","0","0","0.000","0","0","0","0","0","0","","","","","","0.058","Mon, 01 Dec 2025 19:39:44 GMT","","","","","1.1","","","","","","https://businessrocket.ai/wp-content/plugins/wpc-buy-now-button/assets/css/frontend.css?ver=2.1.9","2026-02-19 16:20:58"
"https://businessrocket.ai/wp-content/plugins/woocommerce/assets/js/sourcebuster/sourcebuster.js?ver=10.5.2","application/javascript","200","OK","Indexable","","","0","0","","0","0","","0","","0","","0","","0","","","","","","","","","","0","0","0","0.000","","0","","","","","0.000","1","6","","0","0","0","0.000","0","0","0","0","0","0","","","","","","0.060","Wed, 18 Feb 2026 15:15:52 GMT","","","","","1.1","","","","","","https://businessrocket.ai/wp-content/plugins/woocommerce/assets/js/sourcebuster/sourcebuster.js?ver=10.5.2","2026-02-19 16:20:56"
"https://businessrocket.ai/wp-content/plugins/woocommerce/assets/js/photoswipe/photoswipe.min.js?ver=4.6.3","application/javascript","200","OK","Indexable","","","0","0","","0","0","","0","","0","","0","","0","","","","","","","","","","0","0","0","0.000","","0","","","","","0.000","1","6","","0","0","0","0.000","0","0","0","0","0","0","","","","","","0.075","Wed, 11 Feb 2026 19:31:59 GMT","","","","","1.1","","","","","","https://businessrocket.ai/wp-content/plugins/woocommerce/assets/js/photoswipe/photoswipe.min.js?ver=4.6.3","2026-02-19 16:20:56"
"https://businessrocket.ai/wp-content/plugins/woocommerce/assets/js/photoswipe/photoswipe-ui-default.min.js?ver=4.6.3","application/javascript","200","OK","Indexable","","","0","0","","0","0","","0","","0","","0","","0","","","","","","","","","","0","0","0","0.000","","0","","","","","0.000","1","6","","0","0","0","0.000","0","0","0","0","0","0","","","","","","0.051","Wed, 11 Feb 2026 19:31:59 GMT","","","","","1.1","","","","","","https://businessrocket.ai/wp-content/plugins/woocommerce/assets/js/photoswipe/photoswipe-ui-default.min.js?ver=4.6.3","2026-02-19 16:20:56"
"https://businessrocket.ai/wp-content/plugins/woocommerce/assets/js/js-cookie/js.cookie.js?ver=2.1.4-wc.10.5.2","application/javascript","200","OK","Indexable","","","0","0","","0","0","","0","","0","","0","","0","","","","","","","","","","0","0","0","0.000","","0","","","","","0.000","1","6","","0","0","0","0.000","0","0","0","0","0","0","","","","","","0.066","Wed, 18 Feb 2026 15:15:52 GMT","","","","","1.1","","","","","","https://businessrocket.ai/wp-content/plugins/woocommerce/assets/js/js-cookie/js.cookie.js?ver=2.1.4-wc.10.5.2","2026-02-19 16:20:57"
"https://businessrocket.ai/wp-content/plugins/woocommerce/assets/js/jquery-ui-touch-punch/jquery-ui-touch-punch.js?ver=10.5.2","application/javascript","200","OK","Indexable","","","0","0","","0","0","","0","","0","","0","","0","","","","","","","","","","0","0","0","0.000","","0","","","","","0.000","1","6","","0","0","0","0.000","0","0","0","0","0","0","","","","","","0.052","Wed, 18 Feb 2026 15:15:52 GMT","","","","","1.1","","","","","","https://businessrocket.ai/wp-content/plugins/woocommerce/assets/js/jquery-ui-touch-punch/jquery-ui-touch-punch.js?ver=10.5.2","2026-02-19 16:20:59"
"https://businessrocket.ai/wp-content/plugins/woocommerce/assets/js/jquery-blockui/jquery.blockUI.js?ver=2.7.0-wc.10.5.2","application/javascript","200","OK","Indexable","","","0","0","","0","0","","0","","0","","0","","0","","","","","","","","","","0","0","0","0.000","","0","","","","","0.000","1","6","","0","0","0","0.000","0","0","0","0","0","0","","","","","","0.041","Wed, 18 Feb 2026 15:15:52 GMT","","","","","1.1","","","","","","https://businessrocket.ai/wp-content/plugins/woocommerce/assets/js/jquery-blockui/jquery.blockUI.js?ver=2.7.0-wc.10.5.2","2026-02-19 16:20:58"
"https://businessrocket.ai/wp-content/plugins/woocommerce/assets/js/frontend/woocommerce.js?ver=10.5.2","application/javascript","200","OK","Indexable","","","0","0","","0","0","","0","","0","","0","","0","","","","","","","","","","0","0","0","0.000","","0","","","","","0.000","1","6","","0","0","0","0.000","0","0","0","0","0","0","","","","","","0.056","Wed, 18 Feb 2026 15:15:52 GMT","","","","","1.1","","","","","","https://businessrocket.ai/wp-content/plugins/woocommerce/assets/js/frontend/woocommerce.js?ver=10.5.2","2026-02-19 16:20:59"
"https://businessrocket.ai/wp-content/plugins/woocommerce/assets/js/frontend/order-attribution.js?ver=10.5.2","application/javascript","200","OK","Indexable","","","0","0","","0","0","","0","","0","","0","","0","","","","","","","","","","0","0","0","0.000","","0","","","","","0.000","1","6","","0","0","0","0.000","0","0","0","0","0","0","","","","","","0.061","Wed, 18 Feb 2026 15:15:52 GMT","","","","","1.1","","","","","","https://businessrocket.ai/wp-content/plugins/woocommerce/assets/js/frontend/order-attribution.js?ver=10.5.2","2026-02-19 16:20:55"
"https://businessrocket.ai/wp-content/plugins/woocommerce/assets/js/frontend/cart-fragments.js?ver=10.5.2","application/javascript","200","OK","Indexable","","","0","0","","0","0","","0","","0","","0","","0","","","","","","","","","","0","0","0","0.000","","0","","","","","0.000","1","6","","0","0","0","0.000","0","0","0","0","0","0","","","","","","0.059","Wed, 18 Feb 2026 15:15:52 GMT","","","","","1.1","","","","","","https://businessrocket.ai/wp-content/plugins/woocommerce/assets/js/frontend/cart-fragments.js?ver=10.5.2","2026-02-19 16:20:56"
"https://businessrocket.ai/wp-content/plugins/woocommerce/assets/js/frontend/add-to-cart.min.js?ver=10.5.2","application/javascript","200","OK","Indexable","","","0","0","","0","0","","0","","0","","0","","0","","","","","","","","","","0","0","0","0.000","","0","","","","","0.000","1","6","","0","0","0","0.000","0","0","0","0","0","0","","","","","","0.056","Wed, 18 Feb 2026 15:15:52 GMT","","","","","1.1","","","","","","https://businessrocket.ai/wp-content/plugins/woocommerce/assets/js/frontend/add-to-cart.min.js?ver=10.5.2","2026-02-19 16:20:55"
"https://businessrocket.ai/wp-content/plugins/woocommerce/assets/js/frontend/add-to-cart-variation.min.js?ver=10.5.2","application/javascript","200","OK","Indexable","","","0","0","","0","0","","0","","0","","0","","0","","","","","","","","","","0","0","0","0.000","","0","","","","","0.000","1","6","","0","0","0","0.000","0","0","0","0","0","0","","","","","","0.057","Wed, 18 Feb 2026 15:15:52 GMT","","","","","1.1","","","","","","https://businessrocket.ai/wp-content/plugins/woocommerce/assets/js/frontend/add-to-cart-variation.min.js?ver=10.5.2","2026-02-19 16:20:55"
"https://businessrocket.ai/wp-content/plugins/woocommerce/assets/css/woocommerce.css?ver=10.5.2","text/css","200","OK","Indexable","","","0","0","","0","0","","0","","0","","0","","0","","","","","","","","","","0","0","0","0.000","","0","","","","","0.000","1","5","","0","0","0","0.000","0","0","0","0","0","0","","","","","","0.060","Wed, 18 Feb 2026 15:15:52 GMT","","","","","1.1","","","","","","https://businessrocket.ai/wp-content/plugins/woocommerce/assets/css/woocommerce.css?ver=10.5.2","2026-02-19 16:20:57"
"https://businessrocket.ai/wp-content/plugins/woocommerce/assets/css/woocommerce-smallscreen.css?ver=10.5.2","text/css","200","OK","Indexable","","","0","0","","0","0","","0","","0","","0","","0","","","","","","","","","","0","0","0","0.000","","0","","","","","0.000","1","5","","0","0","0","0.000","0","0","0","0","0","0","","","","","","0.058","Wed, 18 Feb 2026 15:15:52 GMT","","","","","1.1","","","","","","https://businessrocket.ai/wp-content/plugins/woocommerce/assets/css/woocommerce-smallscreen.css?ver=10.5.2","2026-02-19 16:20:56"
"https://businessrocket.ai/wp-content/plugins/woocommerce/assets/css/woocommerce-layout.css?ver=10.5.2","text/css","200","OK","Indexable","","","0","0","","0","0","","0","","0","","0","","0","","","","","","","","","","0","0","0","0.000","","0","","","","","0.000","1","5","","0","0","0","0.000","0","0","0","0","0","0","","","","","","0.055","Wed, 18 Feb 2026 15:15:52 GMT","","","","","1.1","","","","","","https://businessrocket.ai/wp-content/plugins/woocommerce/assets/css/woocommerce-layout.css?ver=10.5.2","2026-02-19 16:20:57"
"https://businessrocket.ai/wp-content/plugins/woocommerce/assets/css/photoswipe/photoswipe.min.css?ver=4.6.3","text/css","200","OK","Indexable","","","0","0","","0","0","","0","","0","","0","","0","","","","","","","","","","0","0","0","0.000","","0","","","","","0.000","1","6","","0","0","0","0.000","0","0","0","0","0","0","","","","","","0.043","Wed, 11 Feb 2026 19:31:59 GMT","","","","","1.1","","","","","","https://businessrocket.ai/wp-content/plugins/woocommerce/assets/css/photoswipe/photoswipe.min.css?ver=4.6.3","2026-02-19 16:20:58"
"https://businessrocket.ai/wp-content/plugins/woocommerce/assets/css/photoswipe/default-skin/default-skin.min.css?ver=4.6.3","text/css","200","OK","Indexable","","","0","0","","0","0","","0","","0","","0","","0","","","","","","","","","","0","0","0","0.000","","0","","","","","0.000","1","7","","0","0","0","0.000","0","0","0","0","0","0","","","","","","0.065","Wed, 11 Feb 2026 19:31:59 GMT","","","","","1.1","","","","","","https://businessrocket.ai/wp-content/plugins/woocommerce/assets/css/photoswipe/default-skin/default-skin.min.css?ver=4.6.3","2026-02-19 16:20:55"
"https://businessrocket.ai/wp-content/plugins/woocommerce-subscriptions-pro/public/js/wps-public.min.js?ver=2.6.5","application/javascript","200","OK","Indexable","","","0","0","","0","0","","0","","0","","0","","0","","","","","","","","","","0","0","0","0.000","","0","","","","","0.000","1","5","","0","0","0","0.000","0","0","0","0","0","0","","","","","","0.052","Wed, 28 Jan 2026 20:05:42 GMT","","","","","1.1","","","","","","https://businessrocket.ai/wp-content/plugins/woocommerce-subscriptions-pro/public/js/wps-public.min.js?ver=2.6.5","2026-02-19 16:20:55"
"https://businessrocket.ai/wp-content/plugins/woocommerce-subscriptions-pro/common/js/woocommerce-subscriptions-pro-common.js?ver=2.6.5","application/javascript","200","OK","Indexable","","","0","0","","0","0","","0","","0","","0","","0","","","","","","","","","","0","0","0","0.000","","0","","","","","0.000","1","5","","0","0","0","0.000","0","0","0","0","0","0","","","","","","0.072","Wed, 28 Jan 2026 20:05:42 GMT","","","","","1.1","","","","","","https://businessrocket.ai/wp-content/plugins/woocommerce-subscriptions-pro/common/js/woocommerce-subscriptions-pro-common.js?ver=2.6.5","2026-02-19 16:20:56"
"https://businessrocket.ai/wp-content/plugins/woocommerce-subscriptions-pro/common/css/woocommerce-subscriptions-pro-common.css?ver=2.6.5","text/css","200","OK","Indexable","","","0","0","","0","0","","0","","0","","0","","0","","","","","","","","","","0","0","0","0.000","","0","","","","","0.000","1","5","","0","0","0","0.000","0","0","0","0","0","0","","","","","","0.082","Wed, 28 Jan 2026 20:05:42 GMT","","","","","1.1","","","","","","https://businessrocket.ai/wp-content/plugins/woocommerce-subscriptions-pro/common/css/woocommerce-subscriptions-pro-common.css?ver=2.6.5","2026-02-19 16:20:55"
"https://businessrocket.ai/wp-content/plugins/woocommerce-product-bundles/assets/css/frontend/woocommerce.css?ver=7.1.0","text/css","200","OK","Indexable","","","0","0","","0","0","","0","","0","","0","","0","","","","","","","","","","0","0","0","0.000","","0","","","","","0.000","1","6","","0","0","0","0.000","0","0","0","0","0","0","","","","","","0.056","Thu, 09 Oct 2025 16:45:50 GMT","","","","","1.1","","","","","","https://businessrocket.ai/wp-content/plugins/woocommerce-product-bundles/assets/css/frontend/woocommerce.css?ver=7.1.0","2026-02-19 16:20:55"
"https://businessrocket.ai/wp-content/plugins/woocommerce-product-bundles/assets/css/frontend/checkout-blocks.css?ver=1760028350","text/css","200","OK","Indexable","","","0","0","","0","0","","0","","0","","0","","0","","","","","","","","","","0","0","0","0.000","","0","","","","","0.000","1","6","","0","0","0","0.000","0","0","0","0","0","0","","","","","","0.064","Thu, 09 Oct 2025 16:45:50 GMT","","","","","1.1","","","","","","https://businessrocket.ai/wp-content/plugins/woocommerce-product-bundles/assets/css/frontend/checkout-blocks.css?ver=1760028350","2026-02-19 16:20:55"
"https://businessrocket.ai/wp-content/plugins/woocommerce-currency-switcher/js/real-price-filter-frontend.js?ver=2.4.2.3","application/javascript","200","OK","Indexable","","","0","0","","0","0","","0","","0","","0","","0","","","","","","","","","","0","0","0","0.000","","0","","","","","0.000","1","4","","0","0","0","0.000","0","0","0","0","0","0","","","","","","0.045","Thu, 13 Feb 2025 03:12:05 GMT","","","","","1.1","","","","","","https://businessrocket.ai/wp-content/plugins/woocommerce-currency-switcher/js/real-price-filter-frontend.js?ver=2.4.2.3","2026-02-19 16:20:56"
"https://businessrocket.ai/wp-content/plugins/woocommerce-currency-switcher/js/real-active-filters.js?ver=2.4.2.3","application/javascript","200","OK","Indexable","","","0","0","","0","0","","0","","0","","0","","0","","","","","","","","","","0","0","0","0.000","","0","","","","","0.000","1","4","","0","0","0","0.000","0","0","0","0","0","0","","","","","","0.057","Thu, 13 Feb 2025 03:12:05 GMT","","","","","1.1","","","","","","https://businessrocket.ai/wp-content/plugins/woocommerce-currency-switcher/js/real-active-filters.js?ver=2.4.2.3","2026-02-19 16:20:57"
"https://businessrocket.ai/wp-content/plugins/woocommerce-currency-switcher/js/price-slider_33.js?ver=2.4.2.3","application/javascript","200","OK","Indexable","","","0","0","","0","0","","0","","0","","0","","0","","","","","","","","","","0","0","0","0.000","","0","","","","","0.000","1","4","","0","0","0","0.000","0","0","0","0","0","0","","","","","","0.042","Thu, 13 Feb 2025 03:12:05 GMT","","","","","1.1","","","","","","https://businessrocket.ai/wp-content/plugins/woocommerce-currency-switcher/js/price-slider_33.js?ver=2.4.2.3","2026-02-19 16:20:55"
"https://businessrocket.ai/wp-content/plugins/woocommerce-currency-switcher/js/jquery.ddslick.min.js?ver=2.4.2.3","application/javascript","200","OK","Indexable","","","0","0","","0","0","","0","","0","","0","","0","","","","","","","","","","0","0","0","0.000","","0","","","","","0.000","1","4","","0","0","0","0.000","0","0","0","0","0","0","","","","","","0.053","Thu, 13 Feb 2025 03:12:05 GMT","","","","","1.1","","","","","","https://businessrocket.ai/wp-content/plugins/woocommerce-currency-switcher/js/jquery.ddslick.min.js?ver=2.4.2.3","2026-02-19 16:20:59"
"https://businessrocket.ai/wp-content/plugins/woocommerce-currency-switcher/js/front.js?ver=2.4.2.3","application/javascript","200","OK","Indexable","","","0","0","","0","0","","0","","0","","0","","0","","","","","","","","","","0","0","0","0.000","","0","","","","","0.000","1","4","","0","0","0","0.000","0","0","0","0","0","0","","","","","","0.050","Thu, 13 Feb 2025 03:12:05 GMT","","","","","1.1","","","","","","https://businessrocket.ai/wp-content/plugins/woocommerce-currency-switcher/js/front.js?ver=2.4.2.3","2026-02-19 16:20:58"
"https://businessrocket.ai/wp-content/plugins/wc-product-table-lite/assets/multirange/js.min.js?ver=4.6.3","application/javascript","200","OK","Indexable","","","0","0","","0","0","","0","","0","","0","","0","","","","","","","","","","0","0","0","0.000","","0","","","","","0.000","1","5","","0","0","0","0.000","0","0","0","0","0","0","","","","","","0.054","Wed, 11 Feb 2026 19:31:45 GMT","","","","","1.1","","","","","","https://businessrocket.ai/wp-content/plugins/wc-product-table-lite/assets/multirange/js.min.js?ver=4.6.3","2026-02-19 16:20:58"
"https://businessrocket.ai/wp-content/plugins/wc-product-table-lite/assets/multirange/css.min.css?ver=4.6.3","text/css","200","OK","Indexable","","","0","0","","0","0","","0","","0","","0","","0","","","","","","","","","","0","0","0","0.000","","0","","","","","0.000","1","5","","0","0","0","0.000","0","0","0","0","0","0","","","","","","0.046","Wed, 11 Feb 2026 19:31:45 GMT","","","","","1.1","","","","","","https://businessrocket.ai/wp-content/plugins/wc-product-table-lite/assets/multirange/css.min.css?ver=4.6.3","2026-02-19 16:20:55"
"https://businessrocket.ai/wp-content/plugins/wc-product-table-lite/assets/js.min.js?ver=4.6.3","application/javascript","200","OK","Indexable","","","0","0","","0","0","","0","","0","","0","","0","","","","","","","","","","0","0","0","0.000","","0","","","","","0.000","1","4","","0","0","0","0.000","0","0","0","0","0","0","","","","","","0.061","Wed, 11 Feb 2026 19:31:45 GMT","","","","","1.1","","","","","","https://businessrocket.ai/wp-content/plugins/wc-product-table-lite/assets/js.min.js?ver=4.6.3","2026-02-19 16:20:57"
"https://businessrocket.ai/wp-content/plugins/wc-product-table-lite/assets/freeze_table_v2/js.min.js?ver=4.6.3","application/javascript","200","OK","Indexable","","","0","0","","0","0","","0","","0","","0","","0","","","","","","","","","","0","0","0","0.000","","0","","","","","0.000","1","5","","0","0","0","0.000","0","0","0","0","0","0","","","","","","0.045","Wed, 11 Feb 2026 19:31:45 GMT","","","","","1.1","","","","","","https://businessrocket.ai/wp-content/plugins/wc-product-table-lite/assets/freeze_table_v2/js.min.js?ver=4.6.3","2026-02-19 16:21:00"
"https://businessrocket.ai/wp-content/plugins/wc-product-table-lite/assets/freeze_table_v2/css.min.css?ver=4.6.3","text/css","200","OK","Indexable","","","0","0","","0","0","","0","","0","","0","","0","","","","","","","","","","0","0","0","0.000","","0","","","","","0.000","1","5","","0","0","0","0.000","0","0","0","0","0","0","","","","","","0.068","Wed, 11 Feb 2026 19:31:45 GMT","","","","","1.1","","","","","","https://businessrocket.ai/wp-content/plugins/wc-product-table-lite/assets/freeze_table_v2/css.min.css?ver=4.6.3","2026-02-19 16:20:58"
"https://businessrocket.ai/wp-content/plugins/wc-product-table-lite/assets/css.min.css?ver=4.6.3","text/css","200","OK","Indexable","","","0","0","","0","0","","0","","0","","0","","0","","","","","","","","","","0","0","0","0.000","","0","","","","","0.000","1","4","","0","0","0","0.000","0","0","0","0","0","0","","","","","","0.039","Wed, 11 Feb 2026 19:31:45 GMT","","","","","1.1","","","","","","https://businessrocket.ai/wp-content/plugins/wc-product-table-lite/assets/css.min.css?ver=4.6.3","2026-02-19 16:20:57"
"https://businessrocket.ai/wp-content/plugins/wc-product-table-lite/assets/antiscroll/js.min.js?ver=4.6.3","application/javascript","200","OK","Indexable","","","0","0","","0","0","","0","","0","","0","","0","","","","","","","","","","0","0","0","0.000","","0","","","","","0.000","1","5","","0","0","0","0.000","0","0","0","0","0","0","","","","","","0.054","Wed, 11 Feb 2026 19:31:45 GMT","","","","","1.1","","","","","","https://businessrocket.ai/wp-content/plugins/wc-product-table-lite/assets/antiscroll/js.min.js?ver=4.6.3","2026-02-19 16:20:58"
"https://businessrocket.ai/wp-content/plugins/wc-product-table-lite/assets/antiscroll/css.min.css?ver=4.6.3","text/css","200","OK","Indexable","","","0","0","","0","0","","0","","0","","0","","0","","","","","","","","","","0","0","0","0.000","","0","","","","","0.000","1","5","","0","0","0","0.000","0","0","0","0","0","0","","","","","","0.069","Wed, 11 Feb 2026 19:31:45 GMT","","","","","1.1","","","","","","https://businessrocket.ai/wp-content/plugins/wc-product-table-lite/assets/antiscroll/css.min.css?ver=4.6.3","2026-02-19 16:20:57"
"https://businessrocket.ai/wp-content/plugins/subscriptions-for-woocommerce/public/js/subscriptions-for-woocommerce-public.js?ver=1.9.2","application/javascript","200","OK","Indexable","","","0","0","","0","0","","0","","0","","0","","0","","","","","","","","","","0","0","0","0.000","","0","","","","","0.000","1","5","","0","0","0","0.000","0","0","0","0","0","0","","","","","","0.039","Thu, 29 Jan 2026 22:51:38 GMT","","","","","1.1","","","","","","https://businessrocket.ai/wp-content/plugins/subscriptions-for-woocommerce/public/js/subscriptions-for-woocommerce-public.js?ver=1.9.2","2026-02-19 16:20:57"
"https://businessrocket.ai/wp-content/plugins/subscriptions-for-woocommerce/public/css/subscriptions-for-woocommerce-public.css?ver=1.9.2","text/css","200","OK","Indexable","","","0","0","","0","0","","0","","0","","0","","0","","","","","","","","","","0","0","0","0.000","","0","","","","","0.000","1","5","","0","0","0","0.000","0","0","0","0","0","0","","","","","","0.023","Thu, 29 Jan 2026 22:51:38 GMT","","","","","1.1","","","","","","https://businessrocket.ai/wp-content/plugins/subscriptions-for-woocommerce/public/css/subscriptions-for-woocommerce-public.css?ver=1.9.2","2026-02-19 16:20:58"
"https://businessrocket.ai/wp-content/plugins/quick-buy-now-button-for-woocommerce/build/frontend.js?ver=1.1.0","application/javascript","200","OK","Indexable","","","0","0","","0","0","","0","","0","","0","","0","","","","","","","","","","0","0","0","0.000","","0","","","","","0.000","1","4","","0","0","0","0.000","0","0","0","0","0","0","","","","","","0.056","Sat, 31 Jan 2026 17:38:27 GMT","","","","","1.1","","","","","","https://businessrocket.ai/wp-content/plugins/quick-buy-now-button-for-woocommerce/build/frontend.js?ver=1.1.0","2026-02-19 16:20:55"
"https://businessrocket.ai/wp-content/plugins/optinmonster/assets/dist/js/helper.min.js?ver=1771536066","application/javascript","200","OK","Indexable","","","0","0","","0","0","","0","","0","","0","","0","","","","","","","","","","0","0","0","0.000","","0","","","","","0.000","4","6","","0","0","0","0.000","0","0","0","0","0","0","","","","","","0.226","Fri, 21 Nov 2025 19:57:02 GMT","","","","","1.1","","","","","","https://businessrocket.ai/wp-content/plugins/optinmonster/assets/dist/js/helper.min.js?ver=1771536066","2026-02-19 16:21:18"
"https://businessrocket.ai/wp-content/plugins/optinmonster/assets/dist/js/helper.min.js?ver=1771536062","application/javascript","200","OK","Indexable","","","0","0","","0","0","","0","","0","","0","","0","","","","","","","","","","0","0","0","0.000","","0","","","","","0.000","3","6","","0","0","0","0.000","0","0","0","0","0","0","","","","","","0.322","Fri, 21 Nov 2025 19:57:02 GMT","","","","","1.1","","","","","","https://businessrocket.ai/wp-content/plugins/optinmonster/assets/dist/js/helper.min.js?ver=1771536062","2026-02-19 16:21:06"
"https://businessrocket.ai/wp-content/plugins/optinmonster/assets/dist/js/helper.min.js?ver=1771536058","application/javascript","200","OK","Indexable","","","0","0","","0","0","","0","","0","","0","","0","","","","","","","","","","0","0","0","0.000","","0","","","","","0.000","2","6","","0","0","0","0.000","0","0","0","0","0","0","","","","","","0.320","Fri, 21 Nov 2025 19:57:02 GMT","","","","","1.1","","","","","","https://businessrocket.ai/wp-content/plugins/optinmonster/assets/dist/js/helper.min.js?ver=1771536058","2026-02-19 16:21:00"
"https://businessrocket.ai/wp-content/plugins/optinmonster/assets/dist/js/helper.min.js?ver=1771532281","application/javascript","200","OK","Indexable","","","0","0","","0","0","","0","","0","","0","","0","","","","","","","","","","0","0","0","0.000","","0","","","","","0.000","1","6","","0","0","0","0.000","0","0","0","0","0","0","","","","","","0.081","Fri, 21 Nov 2025 19:57:02 GMT","","","","","1.1","","","","","","https://businessrocket.ai/wp-content/plugins/optinmonster/assets/dist/js/helper.min.js?ver=1771532281","2026-02-19 16:20:58"
"https://businessrocket.ai/wp-content/plugins/optinmonster/assets/dist/js/helper.min.js?ver=1771508777","application/javascript","200","OK","Indexable","","","0","0","","0","0","","0","","0","","0","","0","","","","","","","","","","0","0","0","0.000","","0","","","","","0.000","3","6","","0","0","0","0.000","0","0","0","0","0","0","","","","","","0.062","Fri, 21 Nov 2025 19:57:02 GMT","","","","","1.1","","","","","","https://businessrocket.ai/wp-content/plugins/optinmonster/assets/dist/js/helper.min.js?ver=1771508777","2026-02-19 16:21:17"
"https://businessrocket.ai/wp-content/plugins/optinmonster/assets/dist/js/helper.min.js?ver=1771508771","application/javascript","200","OK","Indexable","","","0","0","","0","0","","0","","0","","0","","0","","","","","","","","","","0","0","0","0.000","","0","","","","","0.000","3","6","","0","0","0","0.000","0","0","0","0","0","0","","","","","","0.043","Fri, 21 Nov 2025 19:57:02 GMT","","","","","1.1","","","","","","https://businessrocket.ai/wp-content/plugins/optinmonster/assets/dist/js/helper.min.js?ver=1771508771","2026-02-19 16:21:17"
"https://businessrocket.ai/wp-content/plugins/optinmonster/assets/dist/js/helper.min.js?ver=1771508769","application/javascript","200","OK","Indexable","","","0","0","","0","0","","0","","0","","0","","0","","","","","","","","","","0","0","0","0.000","","0","","","","","0.000","3","6","","0","0","0","0.000","0","0","0","0","0","0","","","","","","0.055","Fri, 21 Nov 2025 19:57:02 GMT","","","","","1.1","","","","","","https://businessrocket.ai/wp-content/plugins/optinmonster/assets/dist/js/helper.min.js?ver=1771508769","2026-02-19 16:21:15"
"https://businessrocket.ai/wp-content/plugins/optinmonster/assets/dist/js/helper.min.js?ver=1771508767","application/javascript","200","OK","Indexable","","","0","0","","0","0","","0","","0","","0","","0","","","","","","","","","","0","0","0","0.000","","0","","","","","0.000","3","6","","0","0","0","0.000","0","0","0","0","0","0","","","","","","0.048","Fri, 21 Nov 2025 19:57:02 GMT","","","","","1.1","","","","","","https://businessrocket.ai/wp-content/plugins/optinmonster/assets/dist/js/helper.min.js?ver=1771508767","2026-02-19 16:21:17"
"https://businessrocket.ai/wp-content/plugins/optinmonster/assets/dist/js/helper.min.js?ver=1771508763","application/javascript","200","OK","Indexable","","","0","0","","0","0","","0","","0","","0","","0","","","","","","","","","","0","0","0","0.000","","0","","","","","0.000","3","6","","0","0","0","0.000","0","0","0","0","0","0","","","","","","0.052","Fri, 21 Nov 2025 19:57:02 GMT","","","","","1.1","","","","","","https://businessrocket.ai/wp-content/plugins/optinmonster/assets/dist/js/helper.min.js?ver=1771508763","2026-02-19 16:21:18"
"https://businessrocket.ai/wp-content/plugins/optinmonster/assets/dist/js/helper.min.js?ver=1771508761","application/javascript","200","OK","Indexable","","","0","0","","0","0","","0","","0","","0","","0","","","","","","","","","","0","0","0","0.000","","0","","","","","0.000","3","6","","0","0","0","0.000","0","0","0","0","0","0","","","","","","0.085","Fri, 21 Nov 2025 19:57:02 GMT","","","","","1.1","","","","","","https://businessrocket.ai/wp-content/plugins/optinmonster/assets/dist/js/helper.min.js?ver=1771508761","2026-02-19 16:21:17"
"https://businessrocket.ai/wp-content/plugins/optinmonster/assets/dist/js/helper.min.js?ver=1771508759","application/javascript","200","OK","Indexable","","","0","0","","0","0","","0","","0","","0","","0","","","","","","","","","","0","0","0","0.000","","0","","","","","0.000","3","6","","0","0","0","0.000","0","0","0","0","0","0","","","","","","0.082","Fri, 21 Nov 2025 19:57:02 GMT","","","","","1.1","","","","","","https://businessrocket.ai/wp-content/plugins/optinmonster/assets/dist/js/helper.min.js?ver=1771508759","2026-02-19 16:21:17"
"https://businessrocket.ai/wp-content/plugins/optinmonster/assets/dist/js/helper.min.js?ver=1771507546","application/javascript","200","OK","Indexable","","","0","0","","0","0","","0","","0","","0","","0","","","","","","","","","","0","0","0","0.000","","0","","","","","0.000","4","6","","0","0","0","0.000","0","0","0","0","0","0","","","","","","0.058","Fri, 21 Nov 2025 19:57:02 GMT","","","","","1.1","","","","","","https://businessrocket.ai/wp-content/plugins/optinmonster/assets/dist/js/helper.min.js?ver=1771507546","2026-02-19 16:21:19"
"https://businessrocket.ai/wp-content/plugins/optinmonster/assets/dist/js/helper.min.js?ver=1771507534","application/javascript","200","OK","Indexable","","","0","0","","0","0","","0","","0","","0","","0","","","","","","","","","","0","0","0","0.000","","0","","","","","0.000","4","6","","0","0","0","0.000","0","0","0","0","0","0","","","","","","0.023","Fri, 21 Nov 2025 19:57:02 GMT","","","","","1.1","","","","","","https://businessrocket.ai/wp-content/plugins/optinmonster/assets/dist/js/helper.min.js?ver=1771507534","2026-02-19 16:21:20"
"https://businessrocket.ai/wp-content/plugins/optinmonster/assets/dist/js/helper.min.js?ver=1771507520","application/javascript","200","OK","Indexable","","","0","0","","0","0","","0","","0","","0","","0","","","","","","","","","","0","0","0","0.000","","0","","","","","0.000","2","6","","0","0","0","0.000","0","0","0","0","0","0","","","","","","0.023","Fri, 21 Nov 2025 19:57:02 GMT","","","","","1.1","","","","","","https://businessrocket.ai/wp-content/plugins/optinmonster/assets/dist/js/helper.min.js?ver=1771507520","2026-02-19 16:21:01"
"https://businessrocket.ai/wp-content/plugins/optinmonster/assets/dist/js/helper.min.js?ver=1771507507","application/javascript","200","OK","Indexable","","","0","0","","0","0","","0","","0","","0","","0","","","","","","","","","","0","0","0","0.000","","0","","","","","0.000","2","6","","0","0","0","0.000","0","0","0","0","0","0","","","","","","0.065","Fri, 21 Nov 2025 19:57:02 GMT","","","","","1.1","","","","","","https://businessrocket.ai/wp-content/plugins/optinmonster/assets/dist/js/helper.min.js?ver=1771507507","2026-02-19 16:21:01"
"https://businessrocket.ai/wp-content/plugins/optinmonster/assets/dist/js/helper.min.js?ver=1771507498","application/javascript","200","OK","Indexable","","","0","0","","0","0","","0","","0","","0","","0","","","","","","","","","","0","0","0","0.000","","0","","","","","0.000","2","6","","0","0","0","0.000","0","0","0","0","0","0","","","","","","0.020","Fri, 21 Nov 2025 19:57:02 GMT","","","","","1.1","","","","","","https://businessrocket.ai/wp-content/plugins/optinmonster/assets/dist/js/helper.min.js?ver=1771507498","2026-02-19 16:21:01"
"https://businessrocket.ai/wp-content/plugins/optinmonster/assets/dist/js/helper.min.js?ver=1771507497","application/javascript","200","OK","Indexable","","","0","0","","0","0","","0","","0","","0","","0","","","","","","","","","","0","0","0","0.000","","0","","","","","0.000","2","6","","0","0","0","0.000","0","0","0","0","0","0","","","","","","0.016","Fri, 21 Nov 2025 19:57:02 GMT","","","","","1.1","","","","","","https://businessrocket.ai/wp-content/plugins/optinmonster/assets/dist/js/helper.min.js?ver=1771507497","2026-02-19 16:21:02"
"https://businessrocket.ai/wp-content/plugins/optinmonster/assets/dist/js/helper.min.js?ver=1771507496","application/javascript","200","OK","Indexable","","","0","0","","0","0","","0","","0","","0","","0","","","","","","","","","","0","0","0","0.000","","0","","","","","0.000","2","6","","0","0","0","0.000","0","0","0","0","0","0","","","","","","0.054","Fri, 21 Nov 2025 19:57:02 GMT","","","","","1.1","","","","","","https://businessrocket.ai/wp-content/plugins/optinmonster/assets/dist/js/helper.min.js?ver=1771507496","2026-02-19 16:21:00"
"https://businessrocket.ai/wp-content/plugins/optinmonster/assets/dist/js/helper.min.js?ver=1771507475","application/javascript","200","OK","Indexable","","","0","0","","0","0","","0","","0","","0","","0","","","","","","","","","","0","0","0","0.000","","0","","","","","0.000","2","6","","0","0","0","0.000","0","0","0","0","0","0","","","","","","0.053","Fri, 21 Nov 2025 19:57:02 GMT","","","","","1.1","","","","","","https://businessrocket.ai/wp-content/plugins/optinmonster/assets/dist/js/helper.min.js?ver=1771507475","2026-02-19 16:21:02"
"https://businessrocket.ai/wp-content/plugins/optinmonster/assets/dist/js/helper.min.js?ver=1771507461","application/javascript","200","OK","Indexable","","","0","0","","0","0","","0","","0","","0","","0","","","","","","","","","","0","0","0","0.000","","0","","","","","0.000","3","6","","0","0","0","0.000","0","0","0","0","0","0","","","","","","0.057","Fri, 21 Nov 2025 19:57:02 GMT","","","","","1.1","","","","","","https://businessrocket.ai/wp-content/plugins/optinmonster/assets/dist/js/helper.min.js?ver=1771507461","2026-02-19 16:21:07"
"https://businessrocket.ai/wp-content/plugins/optinmonster/assets/dist/js/helper.min.js?ver=1771507431","application/javascript","200","OK","Indexable","","","0","0","","0","0","","0","","0","","0","","0","","","","","","","","","","0","0","0","0.000","","0","","","","","0.000","3","6","","0","0","0","0.000","0","0","0","0","0","0","","","","","","0.055","Fri, 21 Nov 2025 19:57:02 GMT","","","","","1.1","","","","","","https://businessrocket.ai/wp-content/plugins/optinmonster/assets/dist/js/helper.min.js?ver=1771507431","2026-02-19 16:21:14"
"https://businessrocket.ai/wp-content/plugins/optinmonster/assets/dist/js/helper.min.js?ver=1771507411","application/javascript","200","OK","Indexable","","","0","0","","0","0","","0","","0","","0","","0","","","","","","","","","","0","0","0","0.000","","0","","","","","0.000","2","6","","0","0","0","0.000","0","0","0","0","0","0","","","","","","0.059","Fri, 21 Nov 2025 19:57:02 GMT","","","","","1.1","","","","","","https://businessrocket.ai/wp-content/plugins/optinmonster/assets/dist/js/helper.min.js?ver=1771507411","2026-02-19 16:21:01"
"https://businessrocket.ai/wp-content/plugins/optinmonster/assets/dist/js/helper.min.js?ver=1771498934","application/javascript","200","OK","Indexable","","","0","0","","0","0","","0","","0","","0","","0","","","","","","","","","","0","0","0","0.000","","0","","","","","0.000","3","6","","0","0","0","0.000","0","0","0","0","0","0","","","","","","0.023","Fri, 21 Nov 2025 19:57:02 GMT","","","","","1.1","","","","","","https://businessrocket.ai/wp-content/plugins/optinmonster/assets/dist/js/helper.min.js?ver=1771498934","2026-02-19 16:21:13"
"https://businessrocket.ai/wp-content/plugins/optinmonster/assets/dist/js/helper.min.js?ver=1771495697","application/javascript","200","OK","Indexable","","","0","0","","0","0","","0","","0","","0","","0","","","","","","","","","","0","0","0","0.000","","0","","","","","0.000","3","6","","0","0","0","0.000","0","0","0","0","0","0","","","","","","0.054","Fri, 21 Nov 2025 19:57:02 GMT","","","","","1.1","","","","","","https://businessrocket.ai/wp-content/plugins/optinmonster/assets/dist/js/helper.min.js?ver=1771495697","2026-02-19 16:21:18"
"https://businessrocket.ai/wp-content/plugins/optinmonster/assets/dist/js/helper.min.js?ver=1771495671","application/javascript","200","OK","Indexable","","","0","0","","0","0","","0","","0","","0","","0","","","","","","","","","","0","0","0","0.000","","0","","","","","0.000","3","6","","0","0","0","0.000","0","0","0","0","0","0","","","","","","0.055","Fri, 21 Nov 2025 19:57:02 GMT","","","","","1.1","","","","","","https://businessrocket.ai/wp-content/plugins/optinmonster/assets/dist/js/helper.min.js?ver=1771495671","2026-02-19 16:21:15"
"https://businessrocket.ai/wp-content/plugins/optinmonster/assets/dist/js/helper.min.js?ver=1771495237","application/javascript","200","OK","Indexable","","","0","0","","0","0","","0","","0","","0","","0","","","","","","","","","","0","0","0","0.000","","0","","","","","0.000","4","6","","0","0","0","0.000","0","0","0","0","0","0","","","","","","0.015","Fri, 21 Nov 2025 19:57:02 GMT","","","","","1.1","","","","","","https://businessrocket.ai/wp-content/plugins/optinmonster/assets/dist/js/helper.min.js?ver=1771495237","2026-02-19 16:21:19"
"https://businessrocket.ai/wp-content/plugins/optinmonster/assets/dist/js/helper.min.js?ver=1771495154","application/javascript","200","OK","Indexable","","","0","0","","0","0","","0","","0","","0","","0","","","","","","","","","","0","0","0","0.000","","0","","","","","0.000","4","6","","0","0","0","0.000","0","0","0","0","0","0","","","","","","0.016","Fri, 21 Nov 2025 19:57:02 GMT","","","","","1.1","","","","","","https://businessrocket.ai/wp-content/plugins/optinmonster/assets/dist/js/helper.min.js?ver=1771495154","2026-02-19 16:21:18"
"https://businessrocket.ai/wp-content/plugins/optinmonster/assets/dist/js/helper.min.js?ver=1771494827","application/javascript","200","OK","Indexable","","","0","0","","0","0","","0","","0","","0","","0","","","","","","","","","","0","0","0","0.000","","0","","","","","0.000","3","6","","0","0","0","0.000","0","0","0","0","0","0","","","","","","0.052","Fri, 21 Nov 2025 19:57:02 GMT","","","","","1.1","","","","","","https://businessrocket.ai/wp-content/plugins/optinmonster/assets/dist/js/helper.min.js?ver=1771494827","2026-02-19 16:21:15"
"https://businessrocket.ai/wp-content/plugins/optinmonster/assets/dist/js/helper.min.js?ver=1771494635","application/javascript","200","OK","Indexable","","","0","0","","0","0","","0","","0","","0","","0","","","","","","","","","","0","0","0","0.000","","0","","","","","0.000","2","6","","0","0","0","0.000","0","0","0","0","0","0","","","","","","0.075","Fri, 21 Nov 2025 19:57:02 GMT","","","","","1.1","","","","","","https://businessrocket.ai/wp-content/plugins/optinmonster/assets/dist/js/helper.min.js?ver=1771494635","2026-02-19 16:21:00"
"https://businessrocket.ai/wp-content/plugins/optinmonster/assets/dist/js/helper.min.js?ver=1771493811","application/javascript","200","OK","Indexable","","","0","0","","0","0","","0","","0","","0","","0","","","","","","","","","","0","0","0","0.000","","0","","","","","0.000","2","6","","0","0","0","0.000","0","0","0","0","0","0","","","","","","0.063","Fri, 21 Nov 2025 19:57:02 GMT","","","","","1.1","","","","","","https://businessrocket.ai/wp-content/plugins/optinmonster/assets/dist/js/helper.min.js?ver=1771493811","2026-02-19 16:21:02"
"https://businessrocket.ai/wp-content/plugins/optinmonster/assets/dist/js/helper.min.js?ver=1771493729","application/javascript","200","OK","Indexable","","","0","0","","0","0","","0","","0","","0","","0","","","","","","","","","","0","0","0","0.000","","0","","","","","0.000","3","6","","0","0","0","0.000","0","0","0","0","0","0","","","","","","0.054","Fri, 21 Nov 2025 19:57:02 GMT","","","","","1.1","","","","","","https://businessrocket.ai/wp-content/plugins/optinmonster/assets/dist/js/helper.min.js?ver=1771493729","2026-02-19 16:21:15"
"https://businessrocket.ai/wp-content/plugins/optinmonster/assets/dist/js/helper.min.js?ver=1771493701","application/javascript","200","OK","Indexable","","","0","0","","0","0","","0","","0","","0","","0","","","","","","","","","","0","0","0","0.000","","0","","","","","0.000","2","6","","0","0","0","0.000","0","0","0","0","0","0","","","","","","0.056","Fri, 21 Nov 2025 19:57:02 GMT","","","","","1.1","","","","","","https://businessrocket.ai/wp-content/plugins/optinmonster/assets/dist/js/helper.min.js?ver=1771493701","2026-02-19 16:21:02"
"https://businessrocket.ai/wp-content/plugins/optinmonster/assets/dist/js/helper.min.js?ver=1771493674","application/javascript","200","OK","Indexable","","","0","0","","0","0","","0","","0","","0","","0","","","","","","","","","","0","0","0","0.000","","0","","","","","0.000","2","6","","0","0","0","0.000","0","0","0","0","0","0","","","","","","0.052","Fri, 21 Nov 2025 19:57:02 GMT","","","","","1.1","","","","","","https://businessrocket.ai/wp-content/plugins/optinmonster/assets/dist/js/helper.min.js?ver=1771493674","2026-02-19 16:21:01"
"https://businessrocket.ai/wp-content/plugins/metform/public/assets/lib/cute-alert/style.css?ver=4.1.2","text/css","200","OK","Indexable","","","0","0","","0","0","","0","","0","","0","","0","","","","","","","","","","0","0","0","0.000","","0","","","","","0.000","1","7","","0","0","0","0.000","0","0","0","0","0","0","","","","","","0.028","Thu, 15 Jan 2026 00:00:47 GMT","","","","","1.1","","","","","","https://businessrocket.ai/wp-content/plugins/metform/public/assets/lib/cute-alert/style.css?ver=4.1.2","2026-02-19 16:20:59"
"https://businessrocket.ai/wp-content/plugins/metform/public/assets/lib/cute-alert/cute-alert.js?ver=4.1.2","application/javascript","200","OK","Indexable","","","0","0","","0","0","","0","","0","","0","","0","","","","","","","","","","0","0","0","0.000","","0","","","","","0.000","1","7","","0","0","0","0.000","0","0","0","0","0","0","","","","","","0.060","Thu, 15 Jan 2026 00:00:47 GMT","","","","","1.1","","","","","","https://businessrocket.ai/wp-content/plugins/metform/public/assets/lib/cute-alert/cute-alert.js?ver=4.1.2","2026-02-19 16:20:57"
"https://businessrocket.ai/wp-content/plugins/metform/public/assets/js/htm.js?ver=4.1.2","application/javascript","200","OK","Indexable","","","0","0","","0","0","","0","","0","","0","","0","","","","","","","","","","0","0","0","0.000","","0","","","","","0.000","2","6","","0","0","0","0.000","0","0","0","0","0","0","","","","","","0.063","Thu, 15 Jan 2026 00:00:47 GMT","","","","","1.1","","","","","","https://businessrocket.ai/wp-content/plugins/metform/public/assets/js/htm.js?ver=4.1.2","2026-02-19 16:21:00"
"https://businessrocket.ai/wp-content/plugins/metform/public/assets/js/app.js?ver=4.1.2","application/javascript","200","OK","Indexable","","","0","0","","0","0","","0","","0","","0","","0","","","","","","","","","","0","0","0","0.000","","0","","","","","0.000","2","6","","0","0","0","0.000","0","0","0","0","0","0","","","","","","0.049","Thu, 15 Jan 2026 00:00:47 GMT","","","","","1.1","","","","","","https://businessrocket.ai/wp-content/plugins/metform/public/assets/js/app.js?ver=4.1.2","2026-02-19 16:21:00"
"https://businessrocket.ai/wp-content/plugins/metform/public/assets/css/text-editor.css?ver=4.1.2","text/css","200","OK","Indexable","","","0","0","","0","0","","0","","0","","0","","0","","","","","","","","","","0","0","0","0.000","","0","","","","","0.000","1","6","","0","0","0","0.000","0","0","0","0","0","0","","","","","","0.049","Thu, 15 Jan 2026 00:00:46 GMT","","","","","1.1","","","","","","https://businessrocket.ai/wp-content/plugins/metform/public/assets/css/text-editor.css?ver=4.1.2","2026-02-19 16:20:55"
"https://businessrocket.ai/wp-content/plugins/metform/public/assets/css/style.css?ver=4.1.2","text/css","200","OK","Indexable","","","0","0","","0","0","","0","","0","","0","","0","","","","","","","","","","0","0","0","0.000","","0","","","","","0.000","2","6","","0","0","0","0.000","0","0","0","0","0","0","","","","","","0.045","Thu, 15 Jan 2026 00:00:46 GMT","","","","","1.1","","","","","","https://businessrocket.ai/wp-content/plugins/metform/public/assets/css/style.css?ver=4.1.2","2026-02-19 16:21:00"
"https://businessrocket.ai/wp-content/plugins/metform/public/assets/css/metform-ui.css?ver=4.1.2","text/css","200","OK","Indexable","","","0","0","","0","0","","0","","0","","0","","0","","","","","","","","","","0","0","0","0.000","","0","","","","","0.000","2","6","","0","0","0","0.000","0","0","0","0","0","0","","","","","","0.054","Thu, 15 Jan 2026 00:00:46 GMT","","","","","1.1","","","","","","https://businessrocket.ai/wp-content/plugins/metform/public/assets/css/metform-ui.css?ver=4.1.2","2026-02-19 16:21:00"
"https://businessrocket.ai/wp-content/plugins/mailin/js/mailin-front.js?ver=1770838258","application/javascript","200","OK","Indexable","","","0","0","","0","0","","0","","0","","0","","0","","","","","","","","","","0","0","0","0.000","","0","","","","","0.000","1","4","","0","0","0","0.000","0","0","0","0","0","0","","","","","","0.058","Wed, 11 Feb 2026 19:30:58 GMT","","","","","1.1","","","","","","https://businessrocket.ai/wp-content/plugins/mailin/js/mailin-front.js?ver=1770838258","2026-02-19 16:20:57"
"https://businessrocket.ai/wp-content/plugins/mailin/css/mailin-front.css?ver=6.9.1","text/css","200","OK","Indexable","","","0","0","","0","0","","0","","0","","0","","0","","","","","","","","","","0","0","0","0.000","","0","","","","","0.000","1","4","","0","0","0","0.000","0","0","0","0","0","0","","","","","","0.050","Wed, 28 Jan 2026 19:40:06 GMT","","","","","1.1","","","","","","https://businessrocket.ai/wp-content/plugins/mailin/css/mailin-front.css?ver=6.9.1","2026-02-19 16:20:56"
"https://businessrocket.ai/wp-content/plugins/keyword-hub-campaign-generator/assets/admin.js?ver=4.3.2-fixed","application/javascript","200","OK","Indexable","","","0","0","","0","0","","0","","0","","0","","0","","","","","","","","","","0","0","0","0.000","","0","","","","","0.000","1","4","","0","0","0","0.000","0","0","0","0","0","0","","","","","","0.068","Sun, 23 Nov 2025 21:41:21 GMT","","","","","1.1","","","","","","https://businessrocket.ai/wp-content/plugins/keyword-hub-campaign-generator/assets/admin.js?ver=4.3.2-fixed","2026-02-19 16:20:56"
"https://businessrocket.ai/wp-content/plugins/jeg-elementor-kit/assets/js/tiny-slider/tiny-slider.js?ver=2.9.3","application/javascript","200","OK","Indexable","","","0","0","","0","0","","0","","0","","0","","0","","","","","","","","","","0","0","0","0.000","","0","","","","","0.000","1","6","","0","0","0","0.000","0","0","0","0","0","0","","","","","","0.022","Mon, 20 Oct 2025 01:38:36 GMT","","","","","1.1","","","","","","https://businessrocket.ai/wp-content/plugins/jeg-elementor-kit/assets/js/tiny-slider/tiny-slider.js?ver=2.9.3","2026-02-19 16:20:55"
"https://businessrocket.ai/wp-content/plugins/jeg-elementor-kit/assets/js/tiny-slider/tiny-slider.css?ver=2.9.3","text/css","200","OK","Indexable","","","0","0","","0","0","","0","","0","","0","","0","","","","","","","","","","0","0","0","0.000","","0","","","","","0.000","1","6","","0","0","0","0.000","0","0","0","0","0","0","","","","","","0.054","Mon, 20 Oct 2025 01:38:36 GMT","","","","","1.1","","","","","","https://businessrocket.ai/wp-content/plugins/jeg-elementor-kit/assets/js/tiny-slider/tiny-slider.css?ver=2.9.3","2026-02-19 16:20:56"
"https://businessrocket.ai/wp-content/plugins/jeg-elementor-kit/assets/js/sweetalert2/sweetalert2.min.js?ver=11.6.16","application/javascript","200","OK","Indexable","","","0","0","","0","0","","0","","0","","0","","0","","","","","","","","","","0","0","0","0.000","","0","","","","","0.000","2","6","","0","0","0","0.000","0","0","0","0","0","0","","","","","","0.026","Mon, 20 Oct 2025 01:38:36 GMT","","","","","1.1","","","","","","https://businessrocket.ai/wp-content/plugins/jeg-elementor-kit/assets/js/sweetalert2/sweetalert2.min.js?ver=11.6.16","2026-02-19 16:21:02"
"https://businessrocket.ai/wp-content/plugins/jeg-elementor-kit/assets/js/sweetalert2/sweetalert2.min.css?ver=11.6.16","text/css","200","OK","Indexable","","","0","0","","0","0","","0","","0","","0","","0","","","","","","","","","","0","0","0","0.000","","0","","","","","0.000","2","6","","0","0","0","0.000","0","0","0","0","0","0","","","","","","0.046","Mon, 20 Oct 2025 01:38:36 GMT","","","","","1.1","","","","","","https://businessrocket.ai/wp-content/plugins/jeg-elementor-kit/assets/js/sweetalert2/sweetalert2.min.css?ver=11.6.16","2026-02-19 16:21:02"
"https://businessrocket.ai/wp-content/plugins/jeg-elementor-kit/assets/js/elements/video-button.js?ver=3.0.3","application/javascript","200","OK","Indexable","","","0","0","","0","0","","0","","0","","0","","0","","","","","","","","","","0","0","0","0.000","","0","","","","","0.000","2","6","","0","0","0","0.000","0","0","0","0","0","0","","","","","","0.038","Mon, 02 Feb 2026 23:18:47 GMT","","","","","1.1","","","","","","https://businessrocket.ai/wp-content/plugins/jeg-elementor-kit/assets/js/elements/video-button.js?ver=3.0.3","2026-02-19 16:21:02"
"https://businessrocket.ai/wp-content/plugins/jeg-elementor-kit/assets/js/elements/testimonials.js?ver=3.0.3","application/javascript","200","OK","Indexable","","","0","0","","0","0","","0","","0","","0","","0","","","","","","","","","","0","0","0","0.000","","0","","","","","0.000","1","6","","0","0","0","0.000","0","0","0","0","0","0","","","","","","0.048","Mon, 02 Feb 2026 23:18:47 GMT","","","","","1.1","","","","","","https://businessrocket.ai/wp-content/plugins/jeg-elementor-kit/assets/js/elements/testimonials.js?ver=3.0.3","2026-02-19 16:20:55"
"https://businessrocket.ai/wp-content/plugins/jeg-elementor-kit/assets/js/elements/nav-menu.js?ver=3.0.3","application/javascript","200","OK","Indexable","","","0","0","","0","0","","0","","0","","0","","0","","","","","","","","","","0","0","0","0.000","","0","","","","","0.000","1","6","","0","0","0","0.000","0","0","0","0","0","0","","","","","","0.052","Mon, 02 Feb 2026 23:18:47 GMT","","","","","1.1","","","","","","https://businessrocket.ai/wp-content/plugins/jeg-elementor-kit/assets/js/elements/nav-menu.js?ver=3.0.3","2026-02-19 16:20:58"
"https://businessrocket.ai/wp-content/plugins/jeg-elementor-kit/assets/js/elements/animated-text.js?ver=3.0.3","application/javascript","200","OK","Indexable","","","0","0","","0","0","","0","","0","","0","","0","","","","","","","","","","0","0","0","0.000","","0","","","","","0.000","1","6","","0","0","0","0.000","0","0","0","0","0","0","","","","","","0.047","Mon, 02 Feb 2026 23:18:47 GMT","","","","","1.1","","","","","","https://businessrocket.ai/wp-content/plugins/jeg-elementor-kit/assets/js/elements/animated-text.js?ver=3.0.3","2026-02-19 16:20:59"
"https://businessrocket.ai/wp-content/plugins/jeg-elementor-kit/assets/js/elements/accordion.js?ver=3.0.3","application/javascript","200","OK","Indexable","","","0","0","","0","0","","0","","0","","0","","0","","","","","","","","","","0","0","0","0.000","","0","","","","","0.000","2","6","","0","0","0","0.000","0","0","0","0","0","0","","","","","","0.067","Mon, 02 Feb 2026 23:18:47 GMT","","","","","1.1","","","","","","https://businessrocket.ai/wp-content/plugins/jeg-elementor-kit/assets/js/elements/accordion.js?ver=3.0.3","2026-02-19 16:21:02"
"https://businessrocket.ai/wp-content/plugins/jeg-elementor-kit/assets/fonts/jkiticon/jkiticon.css?ver=3.0.3","text/css","200","OK","Indexable","","","0","0","","0","0","","0","","0","","0","","0","","","","","","","","","","0","0","0","0.000","","0","","","","","0.000","1","6","","0","0","0","0.000","0","0","0","0","0","0","","","","","","0.056","Mon, 02 Feb 2026 23:18:47 GMT","","","","","1.1","","","","","","https://businessrocket.ai/wp-content/plugins/jeg-elementor-kit/assets/fonts/jkiticon/jkiticon.css?ver=3.0.3","2026-02-19 16:20:55"
"https://businessrocket.ai/wp-content/plugins/jeg-elementor-kit/assets/css/elements/main.css?ver=3.0.3","text/css","200","OK","Indexable","","","0","0","","0","0","","0","","0","","0","","0","","","","","","","","","","0","0","0","0.000","","0","","","","","0.000","1","6","","0","0","0","0.000","0","0","0","0","0","0","","","","","","0.049","Mon, 02 Feb 2026 23:18:47 GMT","","","","","1.1","","","","","","https://businessrocket.ai/wp-content/plugins/jeg-elementor-kit/assets/css/elements/main.css?ver=3.0.3","2026-02-19 16:20:56"
"https://businessrocket.ai/wp-content/plugins/google-site-kit/dist/assets/js/googlesitekit-events-provider-woocommerce-3cd9b44a3ba68626e9cb.js","application/javascript","200","OK","Indexable","","","0","0","","0","0","","0","","0","","0","","0","","","","","","","","","","0","0","0","0.000","","0","","","","","0.000","1","6","","0","0","0","0.000","0","0","0","0","0","0","","","","","","0.056","Wed, 11 Feb 2026 19:31:49 GMT","","","","","1.1","","","","","","https://businessrocket.ai/wp-content/plugins/google-site-kit/dist/assets/js/googlesitekit-events-provider-woocommerce-3cd9b44a3ba68626e9cb.js","2026-02-19 16:20:57"
"https://businessrocket.ai/wp-content/plugins/google-site-kit/dist/assets/js/googlesitekit-events-provider-optin-monster-a55d3b3fec7811cde2bc.js","application/javascript","200","OK","Indexable","","","0","0","","0","0","","0","","0","","0","","0","","","","","","","","","","0","0","0","0.000","","0","","","","","0.000","1","6","","0","0","0","0.000","0","0","0","0","0","0","","","","","","0.057","Wed, 11 Feb 2026 19:31:49 GMT","","","","","1.1","","","","","","https://businessrocket.ai/wp-content/plugins/google-site-kit/dist/assets/js/googlesitekit-events-provider-optin-monster-a55d3b3fec7811cde2bc.js","2026-02-19 16:20:57"
"https://businessrocket.ai/wp-content/plugins/google-site-kit/dist/assets/js/googlesitekit-events-provider-contact-form-7-83c32a029ed2cf5b6a82.js","application/javascript","200","OK","Indexable","","","0","0","","0","0","","0","","0","","0","","0","","","","","","","","","","0","0","0","0.000","","0","","","","","0.000","1","6","","0","0","0","0.000","0","0","0","0","0","0","","","","","","0.064","Wed, 11 Feb 2026 19:31:49 GMT","","","","","1.1","","","","","","https://businessrocket.ai/wp-content/plugins/google-site-kit/dist/assets/js/googlesitekit-events-provider-contact-form-7-83c32a029ed2cf5b6a82.js","2026-02-19 16:20:55"
"https://businessrocket.ai/wp-content/plugins/elementor/assets/lib/swiper/v8/swiper.js?ver=8.4.5","application/javascript","200","OK","Indexable","","","0","0","","0","0","","0","","0","","0","","0","","","","","","","","","","0","0","0","0.000","","0","","","","","0.000","1","7","","0","0","0","0.000","0","0","0","0","0","0","","","","","","0.046","Wed, 07 Jan 2026 19:41:33 GMT","","","","","1.1","","","","","","https://businessrocket.ai/wp-content/plugins/elementor/assets/lib/swiper/v8/swiper.js?ver=8.4.5","2026-02-19 16:20:56"
"https://businessrocket.ai/wp-content/plugins/elementor/assets/lib/swiper/v8/css/swiper.css?ver=8.4.5","text/css","200","OK","Indexable","","","0","0","","0","0","","0","","0","","0","","0","","","","","","","","","","0","0","0","0.000","","0","","","","","0.000","1","8","","0","0","0","0.000","0","0","0","0","0","0","","","","","","0.051","Thu, 18 Dec 2025 00:06:46 GMT","","","","","1.1","","","","","","https://businessrocket.ai/wp-content/plugins/elementor/assets/lib/swiper/v8/css/swiper.css?ver=8.4.5","2026-02-19 16:20:57"
"https://businessrocket.ai/wp-content/plugins/elementor/assets/lib/font-awesome/js/v4-shims.js?ver=3.35.5","application/javascript","200","OK","Indexable","","","0","0","","0","0","","0","","0","","0","","0","","","","","","","","","","0","0","0","0.000","","0","","","","","0.000","1","7","","0","0","0","0.000","0","0","0","0","0","0","","","","","","0.043","Wed, 18 Feb 2026 15:15:49 GMT","","","","","1.1","","","","","","https://businessrocket.ai/wp-content/plugins/elementor/assets/lib/font-awesome/js/v4-shims.js?ver=3.35.5","2026-02-19 16:20:55"
"https://businessrocket.ai/wp-content/plugins/elementor/assets/lib/font-awesome/css/v4-shims.css?ver=3.35.5","text/css","200","OK","Indexable","","","0","0","","0","0","","0","","0","","0","","0","","","","","","","","","","0","0","0","0.000","","0","","","","","0.000","1","7","","0","0","0","0.000","0","0","0","0","0","0","","","","","","0.040","Wed, 18 Feb 2026 15:15:49 GMT","","","","","1.1","","","","","","https://businessrocket.ai/wp-content/plugins/elementor/assets/lib/font-awesome/css/v4-shims.css?ver=3.35.5","2026-02-19 16:20:59"
"https://businessrocket.ai/wp-content/plugins/elementor/assets/lib/font-awesome/css/all.css?ver=3.35.5","text/css","200","OK","Indexable","","","0","0","","0","0","","0","","0","","0","","0","","","","","","","","","","0","0","0","0.000","","0","","","","","0.000","1","7","","0","0","0","0.000","0","0","0","0","0","0","","","","","","0.060","Wed, 18 Feb 2026 15:15:49 GMT","","","","","1.1","","","","","","https://businessrocket.ai/wp-content/plugins/elementor/assets/lib/font-awesome/css/all.css?ver=3.35.5","2026-02-19 16:20:58"
"https://businessrocket.ai/wp-content/plugins/elementor/assets/lib/animations/styles/slideInUp.css?ver=3.35.5","text/css","200","OK","Indexable","","","0","0","","0","0","","0","","0","","0","","0","","","","","","","","","","0","0","0","0.000","","0","","","","","0.000","1","7","","0","0","0","0.000","0","0","0","0","0","0","","","","","","0.046","Wed, 18 Feb 2026 15:15:49 GMT","","","","","1.1","","","","","","https://businessrocket.ai/wp-content/plugins/elementor/assets/lib/animations/styles/slideInUp.css?ver=3.35.5","2026-02-19 16:20:59"
"https://businessrocket.ai/wp-content/plugins/elementor/assets/lib/animations/styles/slideInLeft.css?ver=3.35.5","text/css","200","OK","Indexable","","","0","0","","0","0","","0","","0","","0","","0","","","","","","","","","","0","0","0","0.000","","0","","","","","0.000","1","7","","0","0","0","0.000","0","0","0","0","0","0","","","","","","0.043","Wed, 18 Feb 2026 15:15:49 GMT","","","","","1.1","","","","","","https://businessrocket.ai/wp-content/plugins/elementor/assets/lib/animations/styles/slideInLeft.css?ver=3.35.5","2026-02-19 16:20:57"
"https://businessrocket.ai/wp-content/plugins/elementor/assets/lib/animations/styles/fadeInUp.css?ver=3.35.5","text/css","200","OK","Indexable","","","0","0","","0","0","","0","","0","","0","","0","","","","","","","","","","0","0","0","0.000","","0","","","","","0.000","1","7","","0","0","0","0.000","0","0","0","0","0","0","","","","","","0.049","Wed, 18 Feb 2026 15:15:49 GMT","","","","","1.1","","","","","","https://businessrocket.ai/wp-content/plugins/elementor/assets/lib/animations/styles/fadeInUp.css?ver=3.35.5","2026-02-19 16:20:59"
"https://businessrocket.ai/wp-content/plugins/elementor/assets/lib/animations/styles/fadeIn.css?ver=3.35.5","text/css","200","OK","Indexable","","","0","0","","0","0","","0","","0","","0","","0","","","","","","","","","","0","0","0","0.000","","0","","","","","0.000","1","7","","0","0","0","0.000","0","0","0","0","0","0","","","","","","0.051","Wed, 18 Feb 2026 15:15:49 GMT","","","","","1.1","","","","","","https://businessrocket.ai/wp-content/plugins/elementor/assets/lib/animations/styles/fadeIn.css?ver=3.35.5","2026-02-19 16:20:57"
"https://businessrocket.ai/wp-content/plugins/elementor/assets/lib/animations/styles/e-animation-float.css?ver=3.35.5","text/css","200","OK","Indexable","","","0","0","","0","0","","0","","0","","0","","0","","","","","","","","","","0","0","0","0.000","","0","","","","","0.000","1","7","","0","0","0","0.000","0","0","0","0","0","0","","","","","","0.047","Wed, 18 Feb 2026 15:15:49 GMT","","","","","1.1","","","","","","https://businessrocket.ai/wp-content/plugins/elementor/assets/lib/animations/styles/e-animation-float.css?ver=3.35.5","2026-02-19 16:20:57"
"https://businessrocket.ai/wp-content/plugins/elementor/assets/js/webpack.runtime.js?ver=3.35.5","application/javascript","200","OK","Indexable","","","0","0","","0","0","","0","","0","","0","","0","","","","","","","","","","0","0","0","0.000","","0","","","","","0.000","1","5","","0","0","0","0.000","0","0","0","0","0","0","","","","","","0.038","Wed, 18 Feb 2026 15:15:49 GMT","","","","","1.1","","","","","","https://businessrocket.ai/wp-content/plugins/elementor/assets/js/webpack.runtime.js?ver=3.35.5","2026-02-19 16:20:59"
"https://businessrocket.ai/wp-content/plugins/elementor/assets/js/frontend.js?ver=3.35.5","application/javascript","200","OK","Indexable","","","0","0","","0","0","","0","","0","","0","","0","","","","","","","","","","0","0","0","0.000","","0","","","","","0.000","1","5","","0","0","0","0.000","0","0","0","0","0","0","","","","","","0.047","Wed, 18 Feb 2026 15:15:49 GMT","","","","","1.1","","","","","","https://businessrocket.ai/wp-content/plugins/elementor/assets/js/frontend.js?ver=3.35.5","2026-02-19 16:20:56"
"https://businessrocket.ai/wp-content/plugins/elementor/assets/js/frontend-modules.js?ver=3.35.5","application/javascript","200","OK","Indexable","","","0","0","","0","0","","0","","0","","0","","0","","","","","","","","","","0","0","0","0.000","","0","","","","","0.000","1","5","","0","0","0","0.000","0","0","0","0","0","0","","","","","","0.057","Wed, 18 Feb 2026 15:15:49 GMT","","","","","1.1","","","","","","https://businessrocket.ai/wp-content/plugins/elementor/assets/js/frontend-modules.js?ver=3.35.5","2026-02-19 16:20:56"
"https://businessrocket.ai/wp-content/plugins/elementor/assets/css/widget-social-icons.min.css?ver=3.35.5","text/css","200","OK","Indexable","","","0","0","","0","0","","0","","0","","0","","0","","","","","","","","","","0","0","0","0.000","","0","","","","","0.000","1","5","","0","0","0","0.000","0","0","0","0","0","0","","","","","","0.054","Wed, 18 Feb 2026 15:15:49 GMT","","","","","1.1","","","","","","https://businessrocket.ai/wp-content/plugins/elementor/assets/css/widget-social-icons.min.css?ver=3.35.5","2026-02-19 16:20:56"
"https://businessrocket.ai/wp-content/plugins/elementor/assets/css/widget-image.min.css?ver=3.35.5","text/css","200","OK","Indexable","","","0","0","","0","0","","0","","0","","0","","0","","","","","","","","","","0","0","0","0.000","","0","","","","","0.000","1","5","","0","0","0","0.000","0","0","0","0","0","0","","","","","","0.051","Wed, 18 Feb 2026 15:15:49 GMT","","","","","1.1","","","","","","https://businessrocket.ai/wp-content/plugins/elementor/assets/css/widget-image.min.css?ver=3.35.5","2026-02-19 16:20:58"
"https://businessrocket.ai/wp-content/plugins/elementor/assets/css/widget-heading.min.css?ver=3.35.5","text/css","200","OK","Indexable","","","0","0","","0","0","","0","","0","","0","","0","","","","","","","","","","0","0","0","0.000","","0","","","","","0.000","1","5","","0","0","0","0.000","0","0","0","0","0","0","","","","","","0.042","Wed, 18 Feb 2026 15:15:49 GMT","","","","","1.1","","","","","","https://businessrocket.ai/wp-content/plugins/elementor/assets/css/widget-heading.min.css?ver=3.35.5","2026-02-19 16:20:57"
"https://businessrocket.ai/wp-content/plugins/elementor/assets/css/widget-google_maps.min.css?ver=3.35.5","text/css","200","OK","Indexable","","","0","0","","0","0","","0","","0","","0","","0","","","","","","","","","","0","0","0","0.000","","0","","","","","0.000","2","5","","0","0","0","0.000","0","0","0","0","0","0","","","","","","0.056","Wed, 18 Feb 2026 15:15:49 GMT","","","","","1.1","","","","","","https://businessrocket.ai/wp-content/plugins/elementor/assets/css/widget-google_maps.min.css?ver=3.35.5","2026-02-19 16:21:00"
"https://businessrocket.ai/wp-content/plugins/elementor/assets/css/widget-divider.min.css?ver=3.35.5","text/css","200","OK","Indexable","","","0","0","","0","0","","0","","0","","0","","0","","","","","","","","","","0","0","0","0.000","","0","","","","","0.000","1","5","","0","0","0","0.000","0","0","0","0","0","0","","","","","","0.044","Wed, 18 Feb 2026 15:15:49 GMT","","","","","1.1","","","","","","https://businessrocket.ai/wp-content/plugins/elementor/assets/css/widget-divider.min.css?ver=3.35.5","2026-02-19 16:20:58"
"https://businessrocket.ai/wp-content/plugins/elementor/assets/css/conditionals/e-swiper.css?ver=3.35.5","text/css","200","OK","Indexable","","","0","0","","0","0","","0","","0","","0","","0","","","","","","","","","","0","0","0","0.000","","0","","","","","0.000","1","6","","0","0","0","0.000","0","0","0","0","0","0","","","","","","0.046","Wed, 18 Feb 2026 15:15:49 GMT","","","","","1.1","","","","","","https://businessrocket.ai/wp-content/plugins/elementor/assets/css/conditionals/e-swiper.css?ver=3.35.5","2026-02-19 16:20:58"
"https://businessrocket.ai/wp-content/plugins/elementor-pro/assets/js/webpack-pro.runtime.js?ver=3.35.1","application/javascript","200","OK","Indexable","","","0","0","","0","0","","0","","0","","0","","0","","","","","","","","","","0","0","0","0.000","","0","","","","","0.000","1","5","","0","0","0","0.000","0","0","0","0","0","0","","","","","","0.053","Wed, 18 Feb 2026 15:15:51 GMT","","","","","1.1","","","","","","https://businessrocket.ai/wp-content/plugins/elementor-pro/assets/js/webpack-pro.runtime.js?ver=3.35.1","2026-02-19 16:20:58"
"https://businessrocket.ai/wp-content/plugins/elementor-pro/assets/js/frontend.js?ver=3.35.1","application/javascript","200","OK","Indexable","","","0","0","","0","0","","0","","0","","0","","0","","","","","","","","","","0","0","0","0.000","","0","","","","","0.000","1","5","","0","0","0","0.000","0","0","0","0","0","0","","","","","","0.027","Wed, 18 Feb 2026 15:15:51 GMT","","","","","1.1","","","","","","https://businessrocket.ai/wp-content/plugins/elementor-pro/assets/js/frontend.js?ver=3.35.1","2026-02-19 16:20:57"
"https://businessrocket.ai/wp-content/plugins/elementor-pro/assets/js/elements-handlers.js?ver=3.35.1","application/javascript","200","OK","Indexable","","","0","0","","0","0","","0","","0","","0","","0","","","","","","","","","","0","0","0","0.000","","0","","","","","0.000","1","5","","0","0","0","0.000","0","0","0","0","0","0","","","","","","0.051","Wed, 18 Feb 2026 15:15:51 GMT","","","","","1.1","","","","","","https://businessrocket.ai/wp-content/plugins/elementor-pro/assets/js/elements-handlers.js?ver=3.35.1","2026-02-19 16:20:58"
"https://businessrocket.ai/wp-content/plugins/elementor-pro/assets/css/widget-posts.min.css?ver=3.35.1","text/css","200","OK","Indexable","","","0","0","","0","0","","0","","0","","0","","0","","","","","","","","","","0","0","0","0.000","","0","","","","","0.000","2","5","","0","0","0","0.000","0","0","0","0","0","0","","","","","","0.050","Wed, 18 Feb 2026 15:15:51 GMT","","","","","1.1","","","","","","https://businessrocket.ai/wp-content/plugins/elementor-pro/assets/css/widget-posts.min.css?ver=3.35.1","2026-02-19 16:21:01"
"https://businessrocket.ai/wp-content/plugins/elementor-pro/assets/css/widget-post-info.min.css?ver=3.35.1","text/css","200","OK","Indexable","","","0","0","","0","0","","0","","0","","0","","0","","","","","","","","","","0","0","0","0.000","","0","","","","","0.000","3","5","","0","0","0","0.000","0","0","0","0","0","0","","","","","","0.030","Wed, 18 Feb 2026 15:15:51 GMT","","","","","1.1","","","","","","https://businessrocket.ai/wp-content/plugins/elementor-pro/assets/css/widget-post-info.min.css?ver=3.35.1","2026-02-19 16:21:17"
"https://businessrocket.ai/wp-content/plugins/elementor-pro/assets/css/widget-loop-filter.min.css?ver=3.35.1","text/css","200","OK","Indexable","","","0","0","","0","0","","0","","0","","0","","0","","","","","","","","","","0","0","0","0.000","","0","","","","","0.000","2","5","","0","0","0","0.000","0","0","0","0","0","0","","","","","","0.482","Wed, 18 Feb 2026 15:15:51 GMT","","","","","1.1","","","","","","https://businessrocket.ai/wp-content/plugins/elementor-pro/assets/css/widget-loop-filter.min.css?ver=3.35.1","2026-02-19 16:21:00"
"https://businessrocket.ai/wp-content/plugins/elementor-pro/assets/css/widget-loop-common.min.css?ver=3.35.1","text/css","200","OK","Indexable","","","0","0","","0","0","","0","","0","","0","","0","","","","","","","","","","0","0","0","0.000","","0","","","","","0.000","2","5","","0","0","0","0.000","0","0","0","0","0","0","","","","","","0.046","Wed, 18 Feb 2026 15:15:51 GMT","","","","","1.1","","","","","","https://businessrocket.ai/wp-content/plugins/elementor-pro/assets/css/widget-loop-common.min.css?ver=3.35.1","2026-02-19 16:21:01"
"https://businessrocket.ai/wp-content/plugins/elementor-pro/assets/css/widget-author-box.min.css?ver=3.35.1","text/css","200","OK","Indexable","","","0","0","","0","0","","0","","0","","0","","0","","","","","","","","","","0","0","0","0.000","","0","","","","","0.000","3","5","","0","0","0","0.000","0","0","0","0","0","0","","","","","","0.059","Wed, 18 Feb 2026 15:15:51 GMT","","","","","1.1","","","","","","https://businessrocket.ai/wp-content/plugins/elementor-pro/assets/css/widget-author-box.min.css?ver=3.35.1","2026-02-19 16:21:15"
"https://businessrocket.ai/wp-content/plugins/elementor-pro/assets/css/modules/motion-fx.css?ver=3.35.1","text/css","200","OK","Indexable","","","0","0","","0","0","","0","","0","","0","","0","","","","","","","","","","0","0","0","0.000","","0","","","","","0.000","1","6","","0","0","0","0.000","0","0","0","0","0","0","","","","","","0.069","Wed, 18 Feb 2026 15:15:51 GMT","","","","","1.1","","","","","","https://businessrocket.ai/wp-content/plugins/elementor-pro/assets/css/modules/motion-fx.css?ver=3.35.1","2026-02-19 16:20:55"
"https://businessrocket.ai/wp-content/plugins/contact-form-7/includes/swv/js/index.js?ver=6.1.5","application/javascript","200","OK","Indexable","","","0","0","","0","0","","0","","0","","0","","0","","","","","","","","","","0","0","0","0.000","","0","","","","","0.000","1","6","","0","0","0","0.000","0","0","0","0","0","0","","","","","","0.066","Wed, 11 Feb 2026 19:31:02 GMT","","","","","1.1","","","","","","https://businessrocket.ai/wp-content/plugins/contact-form-7/includes/swv/js/index.js?ver=6.1.5","2026-02-19 16:20:56"
"https://businessrocket.ai/wp-content/plugins/contact-form-7/includes/js/index.js?ver=6.1.5","application/javascript","200","OK","Indexable","","","0","0","","0","0","","0","","0","","0","","0","","","","","","","","","","0","0","0","0.000","","0","","","","","0.000","1","5","","0","0","0","0.000","0","0","0","0","0","0","","","","","","0.056","Wed, 11 Feb 2026 19:31:02 GMT","","","","","1.1","","","","","","https://businessrocket.ai/wp-content/plugins/contact-form-7/includes/js/index.js?ver=6.1.5","2026-02-19 16:20:55"
"https://businessrocket.ai/wp-content/plugins/contact-form-7/includes/css/styles.css?ver=6.1.5","text/css","200","OK","Indexable","","","0","0","","0","0","","0","","0","","0","","0","","","","","","","","","","0","0","0","0.000","","0","","","","","0.000","1","5","","0","0","0","0.000","0","0","0","0","0","0","","","","","","0.048","Wed, 11 Feb 2026 19:31:02 GMT","","","","","1.1","","","","","","https://businessrocket.ai/wp-content/plugins/contact-form-7/includes/css/styles.css?ver=6.1.5","2026-02-19 16:20:58"
"https://businessrocket.ai/work/2/","text/html; charset=UTF-8","200","OK","Non-Indexable","Canonicalised","Client Work | Business Rocket","29","264","Start your digital journey with Business Rocket. Contact us today for personalized strategies that work. We’re here to grow your business. Call now.","148","907","","0","","0","Our Latest Work","15","Another Storey Renovations","26","index, follow, max-image-preview:large, max-snippet:-1, max-video-preview:-1","","","https://businessrocket.ai/work/","","","","","","214112","37671","37671","14.431","","555","103","5.388","65.853","Normal","1.739","2","2","","20","2","0","2.940","62","29","0","6","6","0","","","","","4a391572e19232e3d0caddd0e3c718a7","0.106","","","","","en-US","1.1","","","","","","https://businessrocket.ai/work/2/","2026-02-19 16:21:01"
"https://businessrocket.ai/work/","text/html; charset=UTF-8","200","OK","Indexable","","Client Work | Business Rocket","29","264","Start your digital journey with Business Rocket. Contact us today for personalized strategies that work. We’re here to grow your business. Call now.","148","907","","0","","0","Our Latest Work","15","TLC Home Renovation","19","index, follow, max-image-preview:large, max-snippet:-1, max-video-preview:-1","","","https://businessrocket.ai/work/","","","","","","213239","37717","37717","14.449","","555","103","5.388","66.311","Normal","1.747","1","1","","239","68","0","100.000","62","29","0","6","6","0","","","","","3eb1fb563bdc5fd5a565e881c3773a08","0.165","","","","","en-US","1.1","","","","","","https://businessrocket.ai/work/","2026-02-19 16:20:57"
"https://businessrocket.ai/wordpress-theme/","text/html; charset=UTF-8","200","OK","Indexable","","WordPress Theme Selection for Your Website -","44","419","Choosing your WordPress theme can be difficult, but our comprehensive guide makes it easy to find the best theme for your website.","130","814","","0","Templates 101: How To Find The Best WordPress Theme","51","Leave a Reply Cancel reply","26","Let’s create the best experience for your business together","59","index, follow, max-image-preview:large, max-snippet:-1, max-video-preview:-1","","","https://businessrocket.ai/wordpress-theme/","","","","","","162048","36758","36758","14.081","","1936","298","6.497","62.941","Normal","7.816","4","1","","10","3","0","4.410","38","22","0","19","18","0","","","","","15cb01a6d46d4d636cee9aa2414ac343","0.142","","","","","en-US","1.1","","","","","","https://businessrocket.ai/wordpress-theme/","2026-02-19 16:21:19"
"https://businessrocket.ai/wordpress-template/","text/html; charset=UTF-8","200","OK","Indexable","","WordPress Template: Transform Your Website Today -","50","487","Learn how to create custom WordPress themes that will make a long-lasting impact with dynamic functionality and design on any website.","134","854","","0","How To Customize A WordPress Template For The Perfect Site","58","Leave a Reply Cancel reply","26","Let’s create the best experience for your business together","59","index, follow, max-image-preview:large, max-snippet:-1, max-video-preview:-1","","","https://businessrocket.ai/wordpress-template/","","","","","","167954","36837","36837","14.112","","1888","280","6.743","60.589","Normal","7.289","4","1","","13","4","0","5.880","38","22","0","11","10","0","","","","","b3e44b8ad982f5af6346c70b12f0ee72","0.128","","","","","en-US","1.1","","","","","","https://businessrocket.ai/wordpress-template/","2026-02-19 16:21:19"
"https://businessrocket.ai/wordpress-seo/","text/html; charset=UTF-8","200","OK","Indexable","","WordPress SEO Tips for Website Success -","40","381","Looking to optimize your WordPress SEO? Here are our top tips and plugins to ensure that you are doing everything you can for customers.","136","855","","0","Best Practices, Tips, & Plugins For Optimal WordPress SEO","57","Leave a Reply Cancel reply","26","Let’s create the best experience for your business together","59","index, follow, max-image-preview:large, max-snippet:-1, max-video-preview:-1","","","https://businessrocket.ai/wordpress-seo/","","","","","","163737","36167","36167","13.855","","1715","233","7.361","74.166","Fairly Easy","6.188","4","1","","7","2","0","2.940","38","22","0","12","12","0","","","","","a2da5ca40aefb8717ae658f0bc6b7b0d","0.121","","","","","en-US","1.1","","","","","","https://businessrocket.ai/wordpress-seo/","2026-02-19 16:21:18"
"https://businessrocket.ai/wordpress-plugins/","text/html; charset=UTF-8","200","OK","Indexable","","WordPress Plugins to Enhance Your Website -","43","408","Have more control over your website and give your visitors a fully optimized experience with these 18 most popular WordPress plugins.","133","828","","0","18 Most Popular WordPress Plugins For Your Business Needs","57","Leave a Reply Cancel reply","26","Let’s create the best experience for your business together","59","index, follow, max-image-preview:large, max-snippet:-1, max-video-preview:-1","","","https://businessrocket.ai/wordpress-plugins/","","","","","","186037","39070","39070","14.967","","2186","325","6.726","60.530","Normal","7.686","4","1","","13","4","0","5.880","38","22","0","22","22","0","","","","","3974146731961d14105d562e6205577b","0.131","","","","","en-US","1.1","","","","","","https://businessrocket.ai/wordpress-plugins/","2026-02-19 16:21:19"
"https://businessrocket.ai/wordpress-hosting/","text/html; charset=UTF-8","200","OK","Indexable","","WordPress Hosting: Everything You Need To Know -","48","460","Increase sales with the right hosting company! Learn how to choose your WordPress hosting provider to have a fast, secure, and reliable site.","141","868","","0","WordPress Hosting: Everything You Need To Know","46","Leave a Reply Cancel reply","26","Let’s create the best experience for your business together","59","index, follow, max-image-preview:large, max-snippet:-1, max-video-preview:-1","","","https://businessrocket.ai/wordpress-hosting/","","","","","","174432","37216","37216","14.257","","1850","278","6.655","67.967","Normal","6.699","4","1","","13","4","0","5.880","38","22","0","12","12","0","","","","","5d7984e54a048027ba6907afd4aa664","0.108","","","","","en-US","1.1","","","","","","https://businessrocket.ai/wordpress-hosting/","2026-02-19 16:21:20"
"https://businessrocket.ai/wordpress-hosting-maintenance/","text/html; charset=UTF-8","200","OK","Indexable","","WordPress Hosting & Maintenance Services | Business Rocket","58","552","Speed up & secure your WordPress site with our hosting and care plans. Business Rocket handles updates, backups & performance. Contact us today.","144","925","","0","","0","WordPress Maintenance Packages and Care Plans","45","Featured Projects","17","index, follow, max-image-preview:large, max-snippet:-1, max-video-preview:-1","","","https://businessrocket.ai/wordpress-hosting-maintenance/","","","","","","206714","36769","36769","14.086","","1285","244","5.266","62.048","Normal","4.062","1","1","","87","68","0","100.000","48","20","0","6","6","0","","","","","34daf16b1741b4cc7f11381c4bcd3e3","0.265","","","","","en-US","1.1","","","","","","https://businessrocket.ai/wordpress-hosting-maintenance/","2026-02-19 16:20:56"
"https://businessrocket.ai/wix-vs-wordpress/","text/html; charset=UTF-8","200","OK","Indexable","","Wix vs. WordPress: A Comprehensive Comparison -","47","458","If you’re trying to decide between Wix vs. WordPress content management systems, we’re here to provide the pros and cons of each.","129","814","","0","Wix vs. WordPress: A Comprehensive Comparison","45","Leave a Reply Cancel reply","26","Let’s create the best experience for your business together","59","index, follow, max-image-preview:large, max-snippet:-1, max-video-preview:-1","","","https://businessrocket.ai/wix-vs-wordpress/","","","","","","175246","37663","37663","14.428","","1993","295","6.756","60.916","Normal","7.355","2","1","","10","4","0","5.880","37","21","0","8","8","0","","","","","f2aa6ecbb244d5107a724f596972e61f","0.118","","","","","en-US","1.1","","","","","","https://businessrocket.ai/wix-vs-wordpress/","2026-02-19 16:21:01"
"https://businessrocket.ai/what-is-seo/","text/html; charset=UTF-8","200","OK","Indexable","","What Is SEO: Beginner’s Guide To Search Engine Optimization -","61","560","What is SEO and why is it important? This in-depth guide to search engine optimization will answer your key SEO questions.","122","757","","0","What Is SEO: Beginner’s Guide To Search Engine Optimization","59","Leave a Reply Cancel reply","26","Let’s create the best experience for your business together","59","index, follow, max-image-preview:large, max-snippet:-1, max-video-preview:-1","","","https://businessrocket.ai/what-is-seo/","","","","","","162468","37146","37146","14.230","","2312","298","7.758","71.731","Fairly Easy","8.571","4","1","","7","2","0","2.940","37","21","0","6","6","0","","","","","677b757b5f948a557646090a5e3a7c17","0.105","","","","","en-US","1.1","","","","","","https://businessrocket.ai/what-is-seo/","2026-02-19 16:21:18"
"https://businessrocket.ai/what-is-ecommerce/","text/html; charset=UTF-8","200","OK","Indexable","","What is e-commerce? A Beginner’s Guide To The Basics -","54","508","Here’s a beginner’s guide to getting started and tips to help you build a successful e-commerce strategy to help grow your business.","132","809","","0","What is e-commerce? A Beginner’s Guide To The Basics","52","Leave a Reply Cancel reply","26","Let’s create the best experience for your business together","59","index, follow, max-image-preview:large, max-snippet:-1, max-video-preview:-1","","","https://businessrocket.ai/what-is-ecommerce/","","","","","","163454","36762","36762","14.083","","1939","247","7.850","74.214","Fairly Easy","7.088","2","1","","13","4","0","5.880","37","21","0","11","11","0","","","","","220ffefa104fa1ec7296e2efb9024631","0.136","","","","","en-US","1.1","","","","","","https://businessrocket.ai/what-is-ecommerce/","2026-02-19 16:21:01"
"https://businessrocket.ai/web-design-development/","text/html; charset=UTF-8","200","OK","Indexable","","Web Design & Development Company | Business Rocket","50","497","Trusted web design and development company serving Maryland, Virginia, Baltimore, and Montgomery County. Expert designers & developers for custom websites.","155","1007","","0","","0","WordPress Web Design Services: Impress Your Audience","52","Web Design","10","index, follow, max-image-preview:large, max-snippet:-1, max-video-preview:-1","","","https://businessrocket.ai/web-design-development/","","","","","","221107","38109","38109","14.599","","1269","231","5.494","57.459","Fairly Hard","3.795","1","1","","84","68","0","100.000","48","22","0","7","7","0","","","","","afd349b75b0011e728a22cf2fa74f307","0.138","","","","","en-US","1.1","","","","","","https://businessrocket.ai/web-design-development/","2026-02-19 16:20:56"
"https://businessrocket.ai/web-design-development","text/html; charset=UTF-8","301","Moved Permanently","Non-Indexable","Redirected","","0","0","","0","0","","0","","0","","0","","0","","","","","","","","","","0","0","0","0.000","","0","","","","","0.000","1","0","","1","1","0","1.470","0","0","0","0","0","0","","","","","","0.482","","https://businessrocket.ai/web-design-development/","HTTP Redirect","","","1.1","","","","","","https://businessrocket.ai/web-design-development","2026-02-19 16:20:57"
"https://businessrocket.ai/tag/wordpress-hosting/","text/html; charset=UTF-8","200","OK","Non-Indexable","noindex","Wordpress Hosting Archives -","28","263","","0","0","","0","Wordpress Hosting","17","13 Best WordPress Themes For All Types Of Blogs & Websites","58","WordPress Hosting: Everything You Need To Know","46","noindex, follow","","","","","","","","","171295","31510","31510","12.071","","142","32","4.438","92.708","Very Easy","0.619","3","2","","13","11","0","16.180","63","29","0","4","4","0","","","","","a2862daa71bd57123f9bdb80f64917d7","2.218","","","","","en-US","1.1","","","","","","https://businessrocket.ai/tag/wordpress-hosting/","2026-02-19 16:21:05"
"https://businessrocket.ai/tag/web-design-development/","text/html; charset=UTF-8","200","OK","Non-Indexable","noindex","Web Design & Development Archives -","35","340","","0","0","","0","Web Design & Development","24","14 Examples Of Beautiful, Easy-To-Shop Ecommerce Websites","57","What is e-commerce? A Beginner’s Guide To The Basics","52","noindex, follow","","","","","","","","","169214","31498","31498","12.066","","140","36","3.889","85.656","Easy","0.631","3","2","","15","13","0","19.120","62","29","0","4","4","0","","","","","f280ff68f166dfaf2a432ace6cf4f3b","0.986","","","","","en-US","1.1","","","","","","https://businessrocket.ai/tag/web-design-development/","2026-02-19 16:21:14"
"https://businessrocket.ai/squarespace-vs-wordpress/","text/html; charset=UTF-8","200","OK","Indexable","","Squarespace vs. WordPress: Which One Is Right For You? -","56","519","We’re tackling the Squarespace vs WordPress debate to weigh the pros & cons of each CMS so you know which to use for your new website","133","857","","0","Squarespace vs. WordPress: Which One Is Right For You?","54","Leave a Reply Cancel reply","26","Let’s create the best experience for your business together","59","index, follow, max-image-preview:large, max-snippet:-1, max-video-preview:-1","","","https://businessrocket.ai/squarespace-vs-wordpress/","","","","","","173460","37443","37443","14.344","","1902","280","6.793","57.650","Fairly Hard","7.255","2","1","","13","4","0","5.880","37","21","0","11","10","0","","","","","4b2fd0c8291aaff0daa1d680d34d515c","0.784","","","","","en-US","1.1","","","","","","https://businessrocket.ai/squarespace-vs-wordpress/","2026-02-19 16:21:01"
"https://businessrocket.ai/social-media-marketing/","text/html; charset=UTF-8","200","OK","Indexable","","Social Media Marketing | SMM Services | Business Rocket","55","512","Business Rocket provides effective, data-driven social media marketing in Virginia. Boost reach, connect with clients and grow your brand online. Call now.","155","949","","0","","0","Social Media Marketing Services: Amplify Your Brand's Story","59","Social Media Marketing","22","index, follow, max-image-preview:large, max-snippet:-1, max-video-preview:-1","","","https://businessrocket.ai/social-media-marketing/","","","","","","202964","37950","37950","14.538","","1393","231","6.030","57.629","Fairly Hard","4.493","1","1","","86","68","0","100.000","52","24","0","8","8","0","","","","","e881b696b8564a9508c5542cc61264cb","0.131","","","","","en-US","1.1","","","","","","https://businessrocket.ai/social-media-marketing/","2026-02-19 16:20:58"
"https://businessrocket.ai/social-media-marketing-tools/","text/html; charset=UTF-8","200","OK","Indexable","","Social Media Marketing Tools to Boost Efficiency -","50","444","Social media marketing is time-consuming. But, there are social media marketing tools that can save time and make your efforts effective.","137","847","","0","8 Extremely Useful (Some Free) Social Media Marketing Tools","59","Leave a Reply Cancel reply","26","Let’s create the best experience for your business together","59","index, follow, max-image-preview:large, max-snippet:-1, max-video-preview:-1","","","https://businessrocket.ai/social-media-marketing-tools/","","","","","","160316","36284","36284","13.900","","1811","285","6.354","74.723","Fairly Easy","6.620","4","1","","7","2","0","2.940","37","21","0","22","22","0","","","","","be3b951b7ca65b6bade7058d6a81e175","0.276","","","","","en-US","1.1","","","","","","https://businessrocket.ai/social-media-marketing-tools/","2026-02-19 16:21:18"
"https://businessrocket.ai/social-media-marketing-plan/","text/html; charset=UTF-8","200","OK","Indexable","","Social Media Marketing Plan for Business Growth -","49","450","Starting a social media marketing plan doesn't need to be a difficult task. Here are 7 easy and detailed steps to get you on the way.","133","801","","0","Building a Social Media Marketing Plan That Works","49","Leave a Reply Cancel reply","26","Let’s create the best experience for your business together","59","index, follow, max-image-preview:large, max-snippet:-1, max-video-preview:-1","","","https://businessrocket.ai/social-media-marketing-plan/","","","","","","162210","35900","35900","13.753","","1831","252","7.266","76.280","Fairly Easy","6.436","4","1","","7","2","0","2.940","37","21","0","8","8","0","","","","","bfc78e8e522c29f1ca61bf56d91a09f2","0.189","","","","","en-US","1.1","","","","","","https://businessrocket.ai/social-media-marketing-plan/","2026-02-19 16:21:20"
"https://businessrocket.ai/social-media-marketing-agencies/","text/html; charset=UTF-8","200","OK","Indexable","","Social Media Marketing Agencies: Why Hire One -","47","438","Not all social media marketing agencies are the same. You need to do some research to pick the right one for you, and this guide will help.","139","841","","0","Picking Good Social Media Marketing Agencies vs. Bad Ones","57","Leave a Reply Cancel reply","26","Let’s create the best experience for your business together","59","index, follow, max-image-preview:large, max-snippet:-1, max-video-preview:-1","","","https://businessrocket.ai/social-media-marketing-agencies/","","","","","","167389","36459","36459","13.967","","1903","249","7.643","75.134","Fairly Easy","6.562","4","1","","7","2","0","2.940","37","21","0","8","8","0","","","","","f73764261d37fd1e0691b22b54332644","0.135","","","","","en-US","1.1","","","","","","https://businessrocket.ai/social-media-marketing-agencies/","2026-02-19 16:21:20"
"https://businessrocket.ai/social-media-expert/","text/html; charset=UTF-8","200","OK","Indexable","","How To Become The Social Media Expert in Your Organization -","60","563","What can you do to establish yourself as one of the best in your company ? That’s easy - become a social media expert. We’ll show you how.","138","859","","0","How To Become The Social Media Expert in Your Organization","58","Leave a Reply Cancel reply","26","Let’s create the best experience for your business together","59","index, follow, max-image-preview:large, max-snippet:-1, max-video-preview:-1","","","https://businessrocket.ai/social-media-expert/","","","","","","161175","36423","36423","13.953","","1949","285","6.839","71.757","Fairly Easy","7.139","4","1","","7","2","0","2.940","37","21","0","15","15","0","","","","","c351a477df63a59c9e45fe7429bb5380","0.097","","","","","en-US","1.1","","","","","","https://businessrocket.ai/social-media-expert/","2026-02-19 16:21:19"
"https://businessrocket.ai/services/","text/html; charset=UTF-8","200","OK","Indexable","","Services Focused on Digital Marketing For Your Business -","57","516","Explore our wide range of digital marketing services designed to meet your needs and exceed your expectations.","110","688","","0","","0","Business Rocket acts as the marketing force, providing strategic guidance and execution","87","From Strategy to Execution, Our Services Got You Covered","56","index, follow, max-image-preview:large, max-snippet:-1, max-video-preview:-1","","","https://businessrocket.ai/services/","","","","","","151192","30304","30304","11.609","","91","29","3.138","65.129","Normal","0.537","1","1","","207","68","0","100.000","45","21","0","6","6","0","","","","","6caa0f1048e5e740da4116088a1820cc","0.132","","","","","en-US","1.1","","","","","","https://businessrocket.ai/services/","2026-02-19 16:20:55"
"https://businessrocket.ai/seo-tools/","text/html; charset=UTF-8","200","OK","Indexable","","SEO Tools That Every Beginner Should Try -","42","384","Don’t linger in the Stone Age of marketing. Use some of these great SEO tools today and start optimizing your online contents.","126","774","","0","Our 8 Favorite SEO Tools That You Should Be Using","49","Leave a Reply Cancel reply","26","Let’s create the best experience for your business together","59","index, follow, max-image-preview:large, max-snippet:-1, max-video-preview:-1","","","https://businessrocket.ai/seo-tools/","","","","","","158099","35940","35940","13.768","","1822","235","7.753","70.580","Fairly Easy","7.011","4","1","","7","2","0","2.940","37","21","0","12","12","0","","","","","e87428a658ef707bf22be7965cf47729","0.075","","","","","en-US","1.1","","","","","","https://businessrocket.ai/seo-tools/","2026-02-19 16:21:18"
"https://businessrocket.ai/seo-services/","text/html; charset=UTF-8","200","OK","Indexable","","SEO Services That Maximize Your Online Presence -","49","464","Looking to improve your rankings? Here are 7 key SEO services that will generate more traffic to your website and increase your rankings.","137","844","","0","7 Types Of SEO Services To Help Improve Your Rankings","53","Leave a Reply Cancel reply","26","Let’s create the best experience for your business together","59","index, follow, max-image-preview:large, max-snippet:-1, max-video-preview:-1","","","https://businessrocket.ai/seo-services/","","","","","","157768","35710","35710","13.680","","1780","242","7.355","67.051","Normal","7.028","4","1","","7","2","0","2.940","37","21","0","8","8","0","","","","","845e8a2c755f5247f3bd620879258072","0.168","","","","","en-US","1.1","","","","","","https://businessrocket.ai/seo-services/","2026-02-19 16:21:18"
"https://businessrocket.ai/seo-packages/","text/html; charset=UTF-8","200","OK","Indexable","","SEO Company | SEO Packages | Business Rocket","44","431","We offer expert SEO services tailored to your business goals. Trusted by clients across Maryland & Virginia for proven strategies that deliver real results.","156","932","","0","","0","SEO Packages: Drive Organic Search Traffic & Online Sales.","58","Featured Projects","17","index, follow, max-image-preview:large, max-snippet:-1, max-video-preview:-1","","","https://businessrocket.ai/seo-packages/","","","","","","219437","38746","38746","14.843","","1306","237","5.511","66.892","Normal","3.751","1","1","","82","68","0","100.000","50","24","0","7","7","0","","","","","67c889be7dbcd81bb3384fd107aa8890","0.127","","","","","en-US","1.1","","","","","","https://businessrocket.ai/seo-packages/","2026-02-19 16:20:57"
"https://businessrocket.ai/seo-packages","text/html; charset=UTF-8","301","Moved Permanently","Non-Indexable","Redirected","","0","0","","0","0","","0","","0","","0","","0","","","","","","","","","","0","0","0","0.000","","0","","","","","0.000","1","0","","3","2","0","2.940","0","0","0","0","0","0","","","","","","0.466","","https://businessrocket.ai/seo-packages/","HTTP Redirect","","","1.1","","","","","","https://businessrocket.ai/seo-packages","2026-02-19 16:20:59"
"https://businessrocket.ai/seo-keywords/","text/html; charset=UTF-8","200","OK","Indexable","","SEO Keywords: How To Track & Optimize For Improvement -","55","535","Unlock your website's potential by mastering SEO keywords. Discover how to choose the best keywords for your content.","117","744","","0","SEO Keywords: How To Track & Optimize For Improvement","53","Leave a Reply Cancel reply","26","Let’s create the best experience for your business together","59","index, follow, max-image-preview:large, max-snippet:-1, max-video-preview:-1","","","https://businessrocket.ai/seo-keywords/","","","","","","160658","35583","35583","13.631","","1743","215","8.107","77.895","Fairly Easy","6.232","4","1","","7","2","0","2.940","37","21","0","10","10","0","","","","","180730ddb5bc27f4b9660ea9793df4ae","0.122","","","","","en-US","1.1","","","","","","https://businessrocket.ai/seo-keywords/","2026-02-19 16:21:19"
"https://businessrocket.ai/project/tlc-home-renovation/","text/html; charset=UTF-8","200","OK","Non-Indexable","noindex","TLC Home Renovation -","21","211","","0","0","","0","TLC Home Renovation","19","Let’s create the best experience for your business together","59","","0","noindex, follow","","","","","","","","","131901","28941","28941","11.087","","54","20","2.700","100.000","Very Easy","0.403","2","2","","7","3","0","4.410","35","20","0","5","5","0","","","","","8a8688351fbbc9c3fe812d0006174e9","0.118","","","","","en-US","1.1","","","","","","https://businessrocket.ai/project/tlc-home-renovation/","2026-02-19 16:21:00"
"https://businessrocket.ai/project/san-corp-reliable-commercial-sanitation/","text/html; charset=UTF-8","200","OK","Non-Indexable","noindex","San Corp - Reliable Commercial Sanitation -","43","389","","0","0","","0","San Corp – Reliable Commercial Sanitation","41","Let’s create the best experience for your business together","59","","0","noindex, follow","","","","","","","","","132890","29069","29069","11.136","","75","23","3.261","77.189","Fairly Easy","0.506","3","2","","7","3","0","4.410","35","20","0","4","4","0","","","","","1089ce74f3bfddd7a9334df43b263721","0.148","","","","","en-US","1.1","","","","","","https://businessrocket.ai/project/san-corp-reliable-commercial-sanitation/","2026-02-19 16:21:16"
"https://businessrocket.ai/project/rg-concrete/","text/html; charset=UTF-8","200","OK","Non-Indexable","noindex","RG Concrete -","13","123","","0","0","","0","RG Concrete","11","Let’s create the best experience for your business together","59","","0","noindex, follow","","","","","","","","","132055","28941","28941","11.087","","53","20","2.650","100.000","Very Easy","0.396","2","2","","7","3","0","4.410","35","20","0","5","5","0","","","","","c20094227bf757c03c8e4d7c97d847f8","0.106","","","","","en-US","1.1","","","","","","https://businessrocket.ai/project/rg-concrete/","2026-02-19 16:21:00"
"https://businessrocket.ai/project/pink-pumpkin-farm/","text/html; charset=UTF-8","200","OK","Non-Indexable","noindex","Pink Pumpkin Farm -","19","186","","0","0","","0","Pink Pumpkin Farm","17","Let’s create the best experience for your business together","59","","0","noindex, follow","","","","","","","","","132273","28938","28938","11.086","","72","23","3.130","84.983","Easy","0.489","3","2","","7","3","0","4.410","35","20","0","4","4","0","","","","","f60e2b29d6c47e4de99e86f8654d9a7b","0.351","","","","","en-US","1.1","","","","","","https://businessrocket.ai/project/pink-pumpkin-farm/","2026-02-19 16:21:16"
"https://businessrocket.ai/project/high-society-real-estate-marketing/","text/html; charset=UTF-8","200","OK","Non-Indexable","noindex","High Society Real Estate Marketing -","36","323","","0","0","","0","High Society Real Estate Marketing","34","Let’s create the best experience for your business together","59","","0","noindex, follow","","","","","","","","","132784","28987","28987","11.104","","74","23","3.217","81.242","Easy","0.500","3","2","","7","3","0","4.410","35","20","0","4","4","0","","","","","30991f02296226548a3d2fc678ee2a95","0.118","","","","","en-US","1.1","","","","","","https://businessrocket.ai/project/high-society-real-estate-marketing/","2026-02-19 16:21:16"
"https://businessrocket.ai/project/flooring-clearance-warehouse/","text/html; charset=UTF-8","200","OK","Non-Indexable","noindex","Laminate & Hardwood Flooring -","30","286","","0","0","","0","Laminate & Hardwood Flooring","28","Let’s create the best experience for your business together","59","","0","noindex, follow","","","","","","","","","132020","28954","28954","11.092","","55","20","2.750","100.000","Very Easy","0.405","3","2","","7","3","0","4.410","35","20","0","5","5","0","","","","","b6230589929d97ef35d2a10eb27c61c6","0.113","","","","","en-US","1.1","","","","","","https://businessrocket.ai/project/flooring-clearance-warehouse/","2026-02-19 16:21:16"
"https://businessrocket.ai/project/cnc-pipe-profiler/","text/html; charset=UTF-8","200","OK","Non-Indexable","noindex","CNC Pipe Profiler -","19","167","","0","0","","0","CNC Pipe Profiler","17","Let’s create the best experience for your business together","59","","0","noindex, follow","","","","","","","","","132018","29007","29007","11.112","","54","20","2.700","100.000","Very Easy","0.402","2","2","","7","3","0","4.410","35","20","0","5","5","0","","","","","45fab43d971b5dd257664f3314cd24f1","0.103","","","","","en-US","1.1","","","","","","https://businessrocket.ai/project/cnc-pipe-profiler/","2026-02-19 16:21:01"
"https://businessrocket.ai/project/certified-montessori-tutor/","text/html; charset=UTF-8","200","OK","Non-Indexable","noindex","Certified Montessori Tutor -","28","246","","0","0","","0","Certified Montessori Tutor","26","Let’s create the best experience for your business together","59","","0","noindex, follow","","","","","","","","","132116","28989","28989","11.105","","54","20","2.700","95.995","Very Easy","0.407","2","2","","7","3","0","4.410","35","20","0","5","5","0","","","","","6af3889278bb3e313c8bea43f1308098","0.122","","","","","en-US","1.1","","","","","","https://businessrocket.ai/project/certified-montessori-tutor/","2026-02-19 16:21:00"
"https://businessrocket.ai/project/calgary-cash-for-junk-cars/","text/html; charset=UTF-8","200","OK","Non-Indexable","noindex","Calgary Cash for Junk Cars -","28","252","","0","0","","0","Calgary Cash for Junk Cars","26","Let’s create the best experience for your business together","59","","0","noindex, follow","","","","","","","","","132570","28997","28997","11.108","","57","20","2.850","100.000","Very Easy","0.412","2","2","","7","3","0","4.410","35","20","0","5","5","0","","","","","97fdb23a31f9e40a4e0a980fb9cbb164","0.122","","","","","en-US","1.1","","","","","","https://businessrocket.ai/project/calgary-cash-for-junk-cars/","2026-02-19 16:21:01"
"https://businessrocket.ai/project/astrea-managed-real-estate/","text/html; charset=UTF-8","200","OK","Non-Indexable","noindex","Astrea - Managed Real Estate -","30","275","","0","0","","0","Astrea – Managed Real Estate","28","Let’s create the best experience for your business together","59","","0","noindex, follow","","","","","","","","","132695","29025","29025","11.119","","75","23","3.261","81.701","Easy","0.506","3","2","","7","3","0","4.410","35","20","0","4","4","0","","","","","5a9b460c8408cbd17eeb114d48749a91","0.177","","","","","en-US","1.1","","","","","","https://businessrocket.ai/project/astrea-managed-real-estate/","2026-02-19 16:21:15"
"https://businessrocket.ai/project/another-storey-renovations/","text/html; charset=UTF-8","200","OK","Non-Indexable","noindex","Another Storey Renovations -","28","259","","0","0","","0","Another Storey Renovations","26","Let’s create the best experience for your business together","59","","0","noindex, follow","","","","","","","","","132636","29000","29000","11.109","","54","20","2.700","97.561","Very Easy","0.406","3","2","","7","3","0","4.410","35","20","0","5","5","0","","","","","acd74834b82c84a8eee87534c02299f0","0.147","","","","","en-US","1.1","","","","","","https://businessrocket.ai/project/another-storey-renovations/","2026-02-19 16:21:17"
"https://businessrocket.ai/project/12-mile-event-production/","text/html; charset=UTF-8","200","OK","Non-Indexable","noindex","12 Mile Event Production -","26","233","","0","0","","0","12 Mile Event Production","24","Let’s create the best experience for your business together","59","","0","noindex, follow","","","","","","","","","132537","28999","28999","11.109","","56","20","2.800","100.000","Very Easy","0.408","2","2","","7","3","0","4.410","35","20","0","5","5","0","","","","","83a9bc63ad090b05ffba95a8ec128254","0.129","","","","","en-US","1.1","","","","","","https://businessrocket.ai/project/12-mile-event-production/","2026-02-19 16:21:01"
"https://businessrocket.ai/project-category/seo/","text/html; charset=UTF-8","200","OK","Non-Indexable","noindex","SEO Archives -","14","130","","0","0","","0","SEO","3","San Corp – Reliable Commercial Sanitation","41","Pink Pumpkin Farm","17","noindex, follow","","","","","","","","","147877","30476","30476","11.675","","67","24","2.792","94.148","Very Easy","0.408","3","2","","12","5","0","7.350","45","22","0","4","4","0","","","","","bcdf99705b32639c11a847eccdcec040","0.214","","","","","en-US","1.1","","","","","","https://businessrocket.ai/project-category/seo/","2026-02-19 16:21:16"
"https://businessrocket.ai/project-category/retail/","text/html; charset=UTF-8","200","OK","Non-Indexable","noindex","Retail Archives -","17","144","","0","0","","0","Retail","6","Laminate & Hardwood Flooring","28","Let’s create the best experience for your business together","59","noindex, follow","","","","","","","","","137650","29908","29908","11.457","","53","20","2.650","98.794","Very Easy","0.389","3","2","","6","3","0","4.410","37","20","0","4","4","0","","","","","fe0c39401419ce7151ffdb96832126d5","0.095","","","","","en-US","1.1","","","","","","https://businessrocket.ai/project-category/retail/","2026-02-19 16:21:16"
"https://businessrocket.ai/project-category/event-production/","text/html; charset=UTF-8","200","OK","Non-Indexable","noindex","Event Production Archives -","27","245","","0","0","","0","Event Production","16","12 Mile Event Production","24","Let’s create the best experience for your business together","59","noindex, follow","","","","","","","","","137920","29860","29860","11.439","","55","20","2.750","94.833","Very Easy","0.398","2","2","","6","3","0","4.410","37","20","0","4","4","0","","","","","d09c8c41e51e60214fd75481689dd8b0","0.104","","","","","en-US","1.1","","","","","","https://businessrocket.ai/project-category/event-production/","2026-02-19 16:21:01"
"https://businessrocket.ai/project-category/education/","text/html; charset=UTF-8","200","OK","Non-Indexable","noindex","Education Archives -","20","181","","0","0","","0","Education","9","Certified Montessori Tutor","26","Let’s create the best experience for your business together","59","noindex, follow","","","","","","","","","137535","29941","29941","11.470","","52","20","2.600","88.684","Easy","0.392","2","2","","6","3","0","4.410","37","20","0","4","4","0","","","","","1764dae3fe3f2d96c015bdfc306c5073","0.513","","","","","en-US","1.1","","","","","","https://businessrocket.ai/project-category/education/","2026-02-19 16:21:00"
"https://businessrocket.ai/project-category/contractors/","text/html; charset=UTF-8","200","OK","Non-Indexable","noindex","Contractors Archives -","22","198","","0","0","","0","Contractors","11","TLC Home Renovation","19","CNC Pipe Profiler","17","noindex, follow","","","","","","","","","152387","30632","30632","11.735","","66","26","2.538","90.177","Very Easy","0.411","2","2","","15","7","0","10.290","49","23","0","4","4","0","","","","","12055c7e07a1c012c228502bd3a70860","0.140","","","","","en-US","1.1","","","","","","https://businessrocket.ai/project-category/contractors/","2026-02-19 16:21:00"
"https://businessrocket.ai/project-category/content-marketing/","text/html; charset=UTF-8","200","OK","Non-Indexable","noindex","Content Marketing Archives -","28","259","","0","0","","0","Content Marketing","17","Astrea – Managed Real Estate","28","Let’s create the best experience for your business together","59","noindex, follow","","","","","","","","","138015","29899","29899","11.454","","56","20","2.800","96.732","Very Easy","0.402","3","2","","6","3","0","4.410","37","20","0","4","4","0","","","","","e2e06734339f2d747c6835d01eccc813","0.139","","","","","en-US","1.1","","","","","","https://businessrocket.ai/project-category/content-marketing/","2026-02-19 16:21:16"
"https://businessrocket.ai/project-category/automotive-services/","text/html; charset=UTF-8","200","OK","Non-Indexable","noindex","Automotive Services Archives -","30","278","","0","0","","0","Automotive Services","19","Calgary Cash for Junk Cars","26","Let’s create the best experience for your business together","59","noindex, follow","","","","","","","","","137832","29870","29870","11.443","","56","20","2.800","90.689","Very Easy","0.404","2","2","","6","3","0","4.410","37","20","0","4","4","0","","","","","b24ec4a062a8fe97efcbc8b9e5522d02","0.108","","","","","en-US","1.1","","","","","","https://businessrocket.ai/project-category/automotive-services/","2026-02-19 16:21:00"
"https://businessrocket.ai/privacy-policy/","text/html; charset=UTF-8","200","OK","Indexable","","Privacy Policy -","16","134","Read our privacy policy to understand how we collect and use your personal data while visiting Business Rocket.","111","691","","0","","0","Privacy Policy","14","Privacy Policy","14","index, follow, max-image-preview:large, max-snippet:-1, max-video-preview:-1","","","https://businessrocket.ai/privacy-policy/","","","","","","132479","29830","29830","11.427","","494","108","4.574","58.167","Fairly Hard","2.542","1","1","","71","68","0","100.000","35","18","0","4","4","0","","","","","7cfcf1084f655d4269917f6af81073e7","0.134","","","","","en-US","1.1","","","","","","https://businessrocket.ai/privacy-policy/","2026-02-19 16:20:55"
"https://businessrocket.ai/paid-advertising/","text/html; charset=UTF-8","200","OK","Indexable","","Paid Advertising | Google Ads | Business Rocket","47","424","Get more leads and sales with paid advertising by Business Rocket. We craft Google Ads tailored to your business goals, audience, and budget. Call now.","151","938","","0","","0","Drive Results with Data-Backed Google Ads Campaigns","51","Featured Projects","17","index, follow, max-image-preview:large, max-snippet:-1, max-video-preview:-1","","","https://businessrocket.ai/paid-advertising/","","","","","","181417","35425","35425","13.571","","943","157","6.006","66.617","Normal","3.394","1","1","","83","68","0","100.000","46","20","0","7","7","0","","","","","c1942c7be841d0c6e5bdd4a9d9dcea15","0.129","","","","","en-US","1.1","","","","","","https://businessrocket.ai/paid-advertising/","2026-02-19 16:20:56"
"https://businessrocket.ai/paid-advertising","text/html; charset=UTF-8","301","Moved Permanently","Non-Indexable","Redirected","","0","0","","0","0","","0","","0","","0","","0","","","","","","","","","","0","0","0","0.000","","0","","","","","0.000","1","0","","3","2","0","2.940","0","0","0","0","0","0","","","","","","0.606","","https://businessrocket.ai/paid-advertising/","HTTP Redirect","","","1.1","","","","","","https://businessrocket.ai/paid-advertising","2026-02-19 16:20:59"
"https://businessrocket.ai/our-team/","text/html; charset=UTF-8","200","OK","Indexable","","Our Team | Business Rocket","26","250","At Business Rocket, our team helps startups and entrepreneurs bring their ideas online. From brand strategy and design to execution and marketing, our team does it all.","168","1037","","0","","0","We’re an Expert Marketing & Design Team","39","Our Vision","10","index, follow, max-image-preview:large, max-snippet:-1, max-video-preview:-1","","","https://businessrocket.ai/our-team/","","","","","","163535","31331","31331","12.002","","258","67","3.851","59.631","Fairly Hard","1.186","1","1","","71","68","0","100.000","33","18","0","4","4","0","","","","","12d62f78d8220ee680dfd574694e4472","0.144","","","","","en-US","1.1","","","","","","https://businessrocket.ai/our-team/","2026-02-19 16:20:55"
"https://businessrocket.ai/our-team","text/html; charset=UTF-8","301","Moved Permanently","Non-Indexable","Redirected","","0","0","","0","0","","0","","0","","0","","0","","","","","","","","","","0","0","0","0.000","","0","","","","","0.000","1","0","","68","68","0","100.000","0","0","0","0","0","0","","","","","","0.647","","https://businessrocket.ai/our-team/","HTTP Redirect","","","1.1","","","","","","https://businessrocket.ai/our-team","2026-02-19 16:20:57"
"https://businessrocket.ai/my-account/","","0","Blocked by robots.txt","Non-Indexable","Blocked by robots.txt","","0","0","","0","0","","0","","0","","0","","0","","","","","","","","","","0","0","0","0.000","","0","","","","","0.000","1","1","","68","68","0","100.000","0","0","0","0","0","0","","","","","","","","","","","","None","","","","","","https://businessrocket.ai/my-account/","2026-02-19 16:20:59"
"https://businessrocket.ai/my-account","text/html; charset=UTF-8","301","Moved Permanently","Non-Indexable","Redirected","","0","0","","0","0","","0","","0","","0","","0","","","","","","","","","","0","0","0","0.000","","0","","","","","0.000","1","0","","68","68","0","100.000","0","0","0","0","0","0","","","","","","0.480","","https://businessrocket.ai/my-account/","HTTP Redirect","","","1.1","","","","","","https://businessrocket.ai/my-account","2026-02-19 16:20:57"
"https://businessrocket.ai/how-to-use-wordpress/","text/html; charset=UTF-8","200","OK","Indexable","","How To Use WordPress: 9 Skills You Absolutely Need To Know -","60","566","Learn how to use WordPress with our beginner tutorial for 9 skills that you need to know before you build your website.","119","731","","0","How To Use WordPress: 9 Skills You Absolutely Need To Know","58","Leave a Reply Cancel reply","26","Let’s create the best experience for your business together","59","index, follow, max-image-preview:large, max-snippet:-1, max-video-preview:-1","","","https://businessrocket.ai/how-to-use-wordpress/","","","","","","166724","36974","36974","14.164","","1998","299","6.682","72.306","Fairly Easy","7.301","2","1","","13","4","0","5.880","37","21","0","11","11","0","","","","","47a0c0372b104b01b522c7a6217ed61d","0.140","","","","","en-US","1.1","","","","","","https://businessrocket.ai/how-to-use-wordpress/","2026-02-19 16:21:01"
"https://businessrocket.ai/free-wordpress-themes/","text/html; charset=UTF-8","200","OK","Indexable","","Free WordPress Themes for Every Website Need -","46","445","Looking for the right theme for your website? Check out these 15 sites where you can find free WordPress themes from the best designers.","136","851","","0","15 Places To Find The Best Free WordPress Themes","48","Leave a Reply Cancel reply","26","Let’s create the best experience for your business together","59","index, follow, max-image-preview:large, max-snippet:-1, max-video-preview:-1","","","https://businessrocket.ai/free-wordpress-themes/","","","","","","179153","37041","37041","14.190","","1490","224","6.652","63.872","Normal","5.455","4","1","","13","4","0","5.880","38","22","0","21","21","0","","","","","9b70aeef1662762780473f853751a509","0.099","","","","","en-US","1.1","","","","","","https://businessrocket.ai/free-wordpress-themes/","2026-02-19 16:21:19"
"https://businessrocket.ai/facebook-ads-guide/","text/html; charset=UTF-8","200","OK","Indexable","","Complete Facebook Ads Guide: Pick The Right Ads For You  -","58","535","Need a complete Facebook ads guide? Keeping up with digital marketing is intense, so here’s help on how to pick the right ads for you.","134","822","","0","Complete Facebook Ads Guide: Pick The Right Ads For You","55","Leave a Reply Cancel reply","26","Let’s create the best experience for your business together","59","index, follow, max-image-preview:large, max-snippet:-1, max-video-preview:-1","","","https://businessrocket.ai/facebook-ads-guide/","","","","","","163835","36718","36718","14.066","","2043","287","7.118","76.416","Fairly Easy","7.218","4","1","","7","2","0","2.940","37","21","0","9","9","0","","","","","7e0a04e6fc1c6a0303bf0f15cb889688","0.103","","","","","en-US","1.1","","","","","","https://businessrocket.ai/facebook-ads-guide/","2026-02-19 16:21:20"
"https://businessrocket.ai/ecommerce-websites/","text/html; charset=UTF-8","200","OK","Indexable","","14 Examples Of Beautiful, Easy-To-Shop Ecommerce Websites -","59","566","Looking to find out what makes great e-commerce websites? Learn what makes a top ecommerce destination by checking out these stylish websites","141","915","","0","14 Examples Of Beautiful, Easy-To-Shop Ecommerce Websites","57","Leave a Reply Cancel reply","26","Let’s create the best experience for your business together","59","index, follow, max-image-preview:large, max-snippet:-1, max-video-preview:-1","","","https://businessrocket.ai/ecommerce-websites/","","","","","","182666","38298","38298","14.671","","1832","251","7.299","74.282","Fairly Easy","6.083","2","1","","13","4","0","5.880","37","21","0","20","20","0","","","","","1662d8592374db574a6c6bba66ad7e23","0.835","","","","","en-US","1.1","","","","","","https://businessrocket.ai/ecommerce-websites/","2026-02-19 16:21:01"
"https://businessrocket.ai/domain-auction/","text/html; charset=UTF-8","200","OK","Indexable","","Domain Auction: Your Gateway to Unique Names -","46","446","Explore the world of domain auctions and discover how to buy and sell digital real estate effortlessly online.","110","659","","0","Pros & Cons Of The Top 5 Domain Auction Marketplaces","52","Leave a Reply Cancel reply","26","Let’s create the best experience for your business together","59","index, follow, max-image-preview:large, max-snippet:-1, max-video-preview:-1","","","https://businessrocket.ai/domain-auction/","","","","","","159463","35918","35918","13.760","","1710","252","6.786","72.899","Fairly Easy","6.495","4","1","","7","2","0","2.940","37","21","0","11","11","0","","","","","b4b295ee7db3eddd426484c3566f3fc6","0.124","","","","","en-US","1.1","","","","","","https://businessrocket.ai/domain-auction/","2026-02-19 16:21:18"
"https://businessrocket.ai/digital-advertising-agency/","text/html; charset=UTF-8","200","OK","Indexable","","Digital Advertising Agency: What You Should Know -","50","461","Here are 6 things you should know on how to find the right digital advertising agency to help you consistently engage your target market?","137","845","","0","6 Things To Expect From A Digital Advertising Agency","52","Leave a Reply Cancel reply","26","Let’s create the best experience for your business together","59","index, follow, max-image-preview:large, max-snippet:-1, max-video-preview:-1","","","https://businessrocket.ai/digital-advertising-agency/","","","","","","161693","36102","36102","13.830","","1834","248","7.395","74.551","Fairly Easy","6.675","4","1","","7","2","0","2.940","37","21","0","11","10","0","","","","","b3adf45a92013907e8116e386d3b1880","0.115","","","","","en-US","1.1","","","","","","https://businessrocket.ai/digital-advertising-agency/","2026-02-19 16:21:19"
"https://businessrocket.ai/contact/","text/html; charset=UTF-8","200","OK","Indexable","","Contact -","9","81","","0","0","","0","","0","We just don't execute tasks.","28","We Craft STRATEGY","17","index, follow, max-image-preview:large, max-snippet:-1, max-video-preview:-1","","","https://businessrocket.ai/contact/","","","","","","148957","31840","31840","12.197","","98","32","3.062","78.553","Fairly Easy","0.572","1","1","","304","68","0","100.000","34","18","0","4","4","0","","","","","6604765ea1b418173a398e016d7ecc5","1.207","","","","","en-US","1.1","","","","","","https://businessrocket.ai/contact/","2026-02-19 16:20:57"
"https://businessrocket.ai/cdn-cgi/scripts/7d0fa10a/cloudflare-static/rocket-loader.min.js","application/javascript","200","OK","Indexable","","","0","0","","0","0","","0","","0","","0","","0","","","","","","","","","","0","0","0","0.000","","0","","","","","0.000","1","4","","0","0","0","0.000","0","0","0","0","0","0","","","","","","0.010","","","","","","1.1","","","","","","https://businessrocket.ai/cdn-cgi/scripts/7d0fa10a/cloudflare-static/rocket-loader.min.js","2026-02-19 16:20:56"
"https://businessrocket.ai/category/themes-plugins/","text/html; charset=UTF-8","200","OK","Indexable","","Themes & Plugins Archives -","27","254","","0","0","","0","Themes & Plugins","16","13 Best WordPress Themes For All Types Of Blogs & Websites","58","How To Customize A WordPress Template For The Perfect Site","58","index, follow, max-image-preview:large, max-snippet:-1, max-video-preview:-1","","","https://businessrocket.ai/category/themes-plugins/","","","","","","152074","30479","30479","11.676","","97","24","4.042","97.201","Very Easy","0.517","3","2","","8","6","0","8.820","48","24","0","4","4","0","","","","","2e17b007e680a24366e59d6af42513c6","0.130","","","","","en-US","1.1","","","","","","https://businessrocket.ai/category/themes-plugins/","2026-02-19 16:21:05"
"https://businessrocket.ai/category/strategy-planning/","text/html; charset=UTF-8","200","OK","Indexable","","Strategy & Planning Archives -","30","268","","0","0","","0","Strategy & Planning","19","14 Examples Of Beautiful, Easy-To-Shop Ecommerce Websites","57","6 Things To Expect From A Digital Advertising Agency","52","index, follow, max-image-preview:large, max-snippet:-1, max-video-preview:-1","","","https://businessrocket.ai/category/strategy-planning/","https://businessrocket.ai/category/strategy-planning/page/2/","","","","","171031","31588","31588","12.101","","140","33","4.242","68.982","Normal","0.633","3","2","","13","11","0","16.180","63","29","0","4","4","0","","","","","379499e8fa06a5bfc3b4754b37108225","0.154","","","","","en-US","1.1","","","","","","https://businessrocket.ai/category/strategy-planning/","2026-02-19 16:21:04"
"https://businessrocket.ai/category/resources/","text/html; charset=UTF-8","200","OK","Indexable","","Resources Archives -","20","186","","0","0","","0","Resources","9","Wix vs. WordPress: A Comprehensive Comparison","45","Our 8 Favorite SEO Tools That You Should Be Using","49","index, follow, max-image-preview:large, max-snippet:-1, max-video-preview:-1","","","https://businessrocket.ai/category/resources/","","","","","","152770","30571","30571","11.711","","101","26","3.885","79.761","Fairly Easy","0.544","3","2","","8","6","0","8.820","50","25","0","4","4","0","","","","","15136967c2260534eef1b99c087d9c98","0.099","","","","","en-US","1.1","","","","","","https://businessrocket.ai/category/resources/","2026-02-19 16:21:14"
"https://businessrocket.ai/category/hosting-development/","text/html; charset=UTF-8","200","OK","Indexable","","Hosting & Development Archives -","32","303","","0","0","","0","Hosting & Development","21","Squarespace vs. WordPress: Which One Is Right For You?","54","WordPress Hosting: Everything You Need To Know","46","index, follow, max-image-preview:large, max-snippet:-1, max-video-preview:-1","","","https://businessrocket.ai/category/hosting-development/","","","","","","140671","29782","29782","11.409","","65","23","2.826","97.240","Very Easy","0.437","3","2","","5","3","0","4.410","39","21","0","4","4","0","","","","","2c084fef951b706ee238adfd7f1cc4b3","0.129","","","","","en-US","1.1","","","","","","https://businessrocket.ai/category/hosting-development/","2026-02-19 16:21:03"
"https://businessrocket.ai/category/for-beginners/","text/html; charset=UTF-8","200","OK","Indexable","","For Beginners Archives -","24","216","","0","0","","0","For Beginners","13","What is e-commerce? A Beginner’s Guide To The Basics","52","How To Use WordPress: 9 Skills You Absolutely Need To Know","58","index, follow, max-image-preview:large, max-snippet:-1, max-video-preview:-1","","","https://businessrocket.ai/category/for-beginners/","","","","","","143878","30016","30016","11.499","","77","24","3.208","90.412","Very Easy","0.471","3","2","","6","4","0","5.880","42","22","0","4","4","0","","","","","8b02c8a61806409a1733643f4756a6a7","0.125","","","","","en-US","1.1","","","","","","https://businessrocket.ai/category/for-beginners/","2026-02-19 16:21:13"
"https://businessrocket.ai/brand-strategy/","text/html; charset=UTF-8","200","OK","Indexable","","Brand Strategy | Business Rocket","32","293","Business Rocket help businesses create unforgettable brands. Get a custom brand strategy that drives awareness, trust & growth. Call now to get a quote.","152","954","","0","","0","Brand Strategy","14","In Position To","14","index, follow, max-image-preview:large, max-snippet:-1, max-video-preview:-1","","","https://businessrocket.ai/brand-strategy/","","","","","","206749","39580","39580","15.162","","1724","269","6.409","57.874","Fairly Hard","5.486","1","1","","82","68","0","100.000","50","24","0","6","6","0","","","","","c238642dc794b83e6ccadc8193cd69a3","0.126","","","","","en-US","1.1","","","","","","https://businessrocket.ai/brand-strategy/","2026-02-19 16:20:59"
"https://businessrocket.ai/brand-strategy","text/html; charset=UTF-8","301","Moved Permanently","Non-Indexable","Redirected","","0","0","","0","0","","0","","0","","0","","0","","","","","","","","","","0","0","0","0.000","","0","","","","","0.000","1","0","","3","2","0","2.940","0","0","0","0","0","0","","","","","","1.143","","https://businessrocket.ai/brand-strategy/","HTTP Redirect","","","1.1","","","","","","https://businessrocket.ai/brand-strategy","2026-02-19 16:20:55"
"https://businessrocket.ai/blog/","text/html; charset=UTF-8","200","OK","Indexable","","Blog | Business Rocket","22","200","Stay ahead with digital marketing tips, SEO strategies, web design trends & more from Business Rocket’s expert blog. Get in touch with us today.","144","889","","0","","0","Latest News From The Blog","25","Let’s create the best experience for your business together","59","index, follow, max-image-preview:large, max-snippet:-1, max-video-preview:-1","","","https://businessrocket.ai/blog/","","","","","","145410","30860","30860","11.822","","334","68","4.912","84.321","Easy","1.532","1","1","","71","68","0","100.000","50","24","0","4","4","0","","","","","5fbe6875740cd6d78c3be1b5e6a871b0","0.139","","","","","en-US","1.1","","","","","","https://businessrocket.ai/blog/","2026-02-19 16:20:56"
"https://businessrocket.ai/blog","text/html; charset=UTF-8","301","Moved Permanently","Non-Indexable","Redirected","","0","0","","0","0","","0","","0","","0","","0","","","","","","","","","","0","0","0","0.000","","0","","","","","0.000","1","0","","136","68","0","100.000","0","0","0","0","0","0","","","","","","0.598","","https://businessrocket.ai/blog/","HTTP Redirect","","","1.1","","","","","","https://businessrocket.ai/blog","2026-02-19 16:20:58"
"https://businessrocket.ai/best-wordpress-themes/","text/html; charset=UTF-8","200","OK","Indexable","","Best WordPress Themes for Stunning Websites -","45","434","Discover the 13 best WordPress themes available on the market today to help set your website apart. These themes wow, inspire awe, deliver elegance, and more.","158","992","","0","13 Best WordPress Themes For All Types Of Blogs & Websites","58","Leave a Reply Cancel reply","26","Let’s create the best experience for your business together","59","index, follow, max-image-preview:large, max-snippet:-1, max-video-preview:-1","","","https://businessrocket.ai/best-wordpress-themes/","","","","","","184793","38261","38261","14.657","","1862","282","6.603","61.693","Normal","6.559","2","1","","16","5","0","7.350","38","22","0","17","17","0","","","","","2f87dffee6178b69fef4c068fde9e96b","0.918","","","","","en-US","1.1","","","","","","https://businessrocket.ai/best-wordpress-themes/","2026-02-19 16:21:01"
"https://businessrocket.ai/best-website-hosting/","text/html; charset=UTF-8","200","OK","Indexable","","Best Website Hosting Services for Your Business -","49","445","Looking for the best website hosting provider? We’ve made the process simple for you. Check out our picks for the top 4 providers of 2025.","138","851","","0","4 Best Website Hosting Service Providers Of 2025","48","Leave a Reply Cancel reply","26","Let’s create the best experience for your business together","59","index, follow, max-image-preview:large, max-snippet:-1, max-video-preview:-1","","","https://businessrocket.ai/best-website-hosting/","","","","","","162251","36380","36380","13.936","","1946","294","6.619","72.434","Fairly Easy","7.107","4","1","","7","2","0","2.940","37","21","0","8","8","0","","","","","5d8bb0991cb6a6e8e5d2dff6f75f84d4","0.104","","","","","en-US","1.1","","","","","","https://businessrocket.ai/best-website-hosting/","2026-02-19 16:21:18"
"https://businessrocket.ai/best-newsletter-design/","text/html; charset=UTF-8","200","OK","Indexable","","Best Newsletter Design Tips for Email Marketing -","49","443","If you are to win the battle of the inbox, you need to have the best newsletter design around. Use these email design tips.","123","738","","0","11 Best Newsletter Design Tips For Email Marketing Campaigns","60","Leave a Reply Cancel reply","26","Let’s create the best experience for your business together","59","index, follow, max-image-preview:large, max-snippet:-1, max-video-preview:-1","","","https://businessrocket.ai/best-newsletter-design/","","","","","","160817","36504","36504","13.984","","1990","273","7.289","76.277","Fairly Easy","7.242","4","1","","7","2","0","2.940","37","21","0","15","15","0","","","","","327ed815b309271059d36f46db486209","0.130","","","","","en-US","1.1","","","","","","https://businessrocket.ai/best-newsletter-design/","2026-02-19 16:21:19"
"https://businessrocket.ai/best-email-marketing-platform/","text/html; charset=UTF-8","200","OK","Indexable","","Best Email Marketing Platform for Small Businesses -","52","477","Finding the best email marketing platform for your business shouldn't be hard, Here are the best email services to help you meet your goals.","140","855","","0","The 6 Best Email Marketing Platforms For Growing Businesses","59","One Response","12","Leave a Reply Cancel reply","26","index, follow, max-image-preview:large, max-snippet:-1, max-video-preview:-1","","","https://businessrocket.ai/best-email-marketing-platform/","","","","","","163546","36791","36791","14.094","","2054","286","7.182","70.174","Fairly Easy","7.582","4","1","","9","2","0","2.940","39","21","0","12","12","0","","","","","aa54610e95b755a2a1949fa8f4d00b4d","0.105","","","","","en-US","1.1","","","","","","https://businessrocket.ai/best-email-marketing-platform/","2026-02-19 16:21:18"
"https://businessrocket.ai/benefits-of-social-media-marketing/","text/html; charset=UTF-8","200","OK","Indexable","","Benefits of Social Media Marketing for Businesses -","51","458","Have you started using social media in your business yet? 7 benefits of social media marketing that will have a major impact on your company.","141","877","","0","7 Tangible Business Benefits of Social Media Marketing","54","Leave a Reply Cancel reply","26","Let’s create the best experience for your business together","59","index, follow, max-image-preview:large, max-snippet:-1, max-video-preview:-1","","","https://businessrocket.ai/benefits-of-social-media-marketing/","","","","","","160717","36470","36470","13.971","","1948","293","6.648","66.933","Normal","7.295","4","1","","7","2","0","2.940","37","21","0","9","9","0","","","","","2569b00d3607737518948a5b06e1d6d6","0.083","","","","","en-US","1.1","","","","","","https://businessrocket.ai/benefits-of-social-media-marketing/","2026-02-19 16:21:19"
"https://businessrocket.ai/about-us/","text/html; charset=UTF-8","301","Moved Permanently","Non-Indexable","Redirected","","0","0","","0","0","","0","","0","","0","","0","","","","","","","","","","0","0","0","0.000","","0","","","","","0.000","1","1","","68","68","0","100.000","0","0","0","0","0","0","","","","","","0.255","","https://businessrocket.ai/our-team/","HTTP Redirect","","","1.1","","","","","","https://businessrocket.ai/about-us/","2026-02-19 16:20:56"
"https://businessrocket.ai/?add-to-cart=3834","","0","Blocked by robots.txt","Non-Indexable","Blocked by robots.txt","","0","0","","0","0","","0","","0","","0","","0","","","","","","","","","","0","0","0","0.000","","0","","","","","0.000","2","0","","1","1","0","1.470","0","0","0","0","0","0","","","","","","","","","","","","None","","","","","","https://businessrocket.ai/?add-to-cart=3834","2026-02-19 16:21:02"
"https://businessrocket.ai/?add-to-cart=3612","","0","Blocked by robots.txt","Non-Indexable","Blocked by robots.txt","","0","0","","0","0","","0","","0","","0","","0","","","","","","","","","","0","0","0","0.000","","0","","","","","0.000","2","0","","1","1","0","1.470","0","0","0","0","0","0","","","","","","","","","","","","None","","","","","","https://businessrocket.ai/?add-to-cart=3612","2026-02-19 16:21:00"
"https://businessrocket.ai/?add-to-cart=3611","","0","Blocked by robots.txt","Non-Indexable","Blocked by robots.txt","","0","0","","0","0","","0","","0","","0","","0","","","","","","","","","","0","0","0","0.000","","0","","","","","0.000","2","0","","1","1","0","1.470","0","0","0","0","0","0","","","","","","","","","","","","None","","","","","","https://businessrocket.ai/?add-to-cart=3611","2026-02-19 16:21:00"
"https://businessrocket.ai/?add-to-cart=3610","","0","Blocked by robots.txt","Non-Indexable","Blocked by robots.txt","","0","0","","0","0","","0","","0","","0","","0","","","","","","","","","","0","0","0","0.000","","0","","","","","0.000","2","0","","1","1","0","1.470","0","0","0","0","0","0","","","","","","","","","","","","None","","","","","","https://businessrocket.ai/?add-to-cart=3610","2026-02-19 16:21:00"
"https://businessrocket.ai/?add-to-cart=3608","","0","Blocked by robots.txt","Non-Indexable","Blocked by robots.txt","","0","0","","0","0","","0","","0","","0","","0","","","","","","","","","","0","0","0","0.000","","0","","","","","0.000","2","0","","1","1","0","1.470","0","0","0","0","0","0","","","","","","","","","","","","None","","","","","","https://businessrocket.ai/?add-to-cart=3608","2026-02-19 16:21:00"
"https://businessrocket.ai/?add-to-cart=3599","","0","Blocked by robots.txt","Non-Indexable","Blocked by robots.txt","","0","0","","0","0","","0","","0","","0","","0","","","","","","","","","","0","0","0","0.000","","0","","","","","0.000","2","0","","1","1","0","1.470","0","0","0","0","0","0","","","","","","","","","","","","None","","","","","","https://businessrocket.ai/?add-to-cart=3599","2026-02-19 16:21:01"
"https://businessrocket.ai/?add-to-cart=3597","","0","Blocked by robots.txt","Non-Indexable","Blocked by robots.txt","","0","0","","0","0","","0","","0","","0","","0","","","","","","","","","","0","0","0","0.000","","0","","","","","0.000","2","0","","1","1","0","1.470","0","0","0","0","0","0","","","","","","","","","","","","None","","","","","","https://businessrocket.ai/?add-to-cart=3597","2026-02-19 16:21:01"
"https://businessrocket.ai/?add-to-cart=3595","","0","Blocked by robots.txt","Non-Indexable","Blocked by robots.txt","","0","0","","0","0","","0","","0","","0","","0","","","","","","","","","","0","0","0","0.000","","0","","","","","0.000","2","0","","1","1","0","1.470","0","0","0","0","0","0","","","","","","","","","","","","None","","","","","","https://businessrocket.ai/?add-to-cart=3595","2026-02-19 16:21:01"
"https://businessrocket.ai/?add-to-cart=3579","","0","Blocked by robots.txt","Non-Indexable","Blocked by robots.txt","","0","0","","0","0","","0","","0","","0","","0","","","","","","","","","","0","0","0","0.000","","0","","","","","0.000","2","0","","1","1","0","1.470","0","0","0","0","0","0","","","","","","","","","","","","None","","","","","","https://businessrocket.ai/?add-to-cart=3579","2026-02-19 16:21:02"
"https://businessrocket.ai/?add-to-cart=3578","","0","Blocked by robots.txt","Non-Indexable","Blocked by robots.txt","","0","0","","0","0","","0","","0","","0","","0","","","","","","","","","","0","0","0","0.000","","0","","","","","0.000","2","0","","1","1","0","1.470","0","0","0","0","0","0","","","","","","","","","","","","None","","","","","","https://businessrocket.ai/?add-to-cart=3578","2026-02-19 16:21:02"
"https://businessrocket.ai/?add-to-cart=3574","","0","Blocked by robots.txt","Non-Indexable","Blocked by robots.txt","","0","0","","0","0","","0","","0","","0","","0","","","","","","","","","","0","0","0","0.000","","0","","","","","0.000","2","0","","1","1","0","1.470","0","0","0","0","0","0","","","","","","","","","","","","None","","","","","","https://businessrocket.ai/?add-to-cart=3574","2026-02-19 16:21:02"
"https://businessrocket.ai/?add-to-cart=3568","","0","Blocked by robots.txt","Non-Indexable","Blocked by robots.txt","","0","0","","0","0","","0","","0","","0","","0","","","","","","","","","","0","0","0","0.000","","0","","","","","0.000","2","0","","1","1","0","1.470","0","0","0","0","0","0","","","","","","","","","","","","None","","","","","","https://businessrocket.ai/?add-to-cart=3568","2026-02-19 16:21:00"
"https://businessrocket.ai/?add-to-cart=3558","","0","Blocked by robots.txt","Non-Indexable","Blocked by robots.txt","","0","0","","0","0","","0","","0","","0","","0","","","","","","","","","","0","0","0","0.000","","0","","","","","0.000","2","0","","1","1","0","1.470","0","0","0","0","0","0","","","","","","","","","","","","None","","","","","","https://businessrocket.ai/?add-to-cart=3558","2026-02-19 16:21:01"
"https://businessrocket.ai/?add-to-cart=3546","","0","Blocked by robots.txt","Non-Indexable","Blocked by robots.txt","","0","0","","0","0","","0","","0","","0","","0","","","","","","","","","","0","0","0","0.000","","0","","","","","0.000","2","0","","1","1","0","1.470","0","0","0","0","0","0","","","","","","","","","","","","None","","","","","","https://businessrocket.ai/?add-to-cart=3546","2026-02-19 16:21:00"
"https://businessrocket.ai/?add-to-cart=3480","","0","Blocked by robots.txt","Non-Indexable","Blocked by robots.txt","","0","0","","0","0","","0","","0","","0","","0","","","","","","","","","","0","0","0","0.000","","0","","","","","0.000","2","0","","1","1","0","1.470","0","0","0","0","0","0","","","","","","","","","","","","None","","","","","","https://businessrocket.ai/?add-to-cart=3480","2026-02-19 16:21:00"
"https://businessrocket.ai/?add-to-cart=3121","","0","Blocked by robots.txt","Non-Indexable","Blocked by robots.txt","","0","0","","0","0","","0","","0","","0","","0","","","","","","","","","","0","0","0","0.000","","0","","","","","0.000","2","0","","1","1","0","1.470","0","0","0","0","0","0","","","","","","","","","","","","None","","","","","","https://businessrocket.ai/?add-to-cart=3121","2026-02-19 16:21:01"
"https://businessrocket.ai/?add-to-cart=2598","","0","Blocked by robots.txt","Non-Indexable","Blocked by robots.txt","","0","0","","0","0","","0","","0","","0","","0","","","","","","","","","","0","0","0","0.000","","0","","","","","0.000","2","0","","1","1","0","1.470","0","0","0","0","0","0","","","","","","","","","","","","None","","","","","","https://businessrocket.ai/?add-to-cart=2598","2026-02-19 16:21:01"
"https://businessrocket.ai/?add-to-cart=2594","","0","Blocked by robots.txt","Non-Indexable","Blocked by robots.txt","","0","0","","0","0","","0","","0","","0","","0","","","","","","","","","","0","0","0","0.000","","0","","","","","0.000","2","0","","1","1","0","1.470","0","0","0","0","0","0","","","","","","","","","","","","None","","","","","","https://businessrocket.ai/?add-to-cart=2594","2026-02-19 16:21:01"
"https://businessrocket.ai/?add-to-cart=2590","","0","Blocked by robots.txt","Non-Indexable","Blocked by robots.txt","","0","0","","0","0","","0","","0","","0","","0","","","","","","","","","","0","0","0","0.000","","0","","","","","0.000","2","0","","1","1","0","1.470","0","0","0","0","0","0","","","","","","","","","","","","None","","","","","","https://businessrocket.ai/?add-to-cart=2590","2026-02-19 16:21:00"
"https://businessrocket.ai/?add-to-cart=2586","","0","Blocked by robots.txt","Non-Indexable","Blocked by robots.txt","","0","0","","0","0","","0","","0","","0","","0","","","","","","","","","","0","0","0","0.000","","0","","","","","0.000","2","0","","1","1","0","1.470","0","0","0","0","0","0","","","","","","","","","","","","None","","","","","","https://businessrocket.ai/?add-to-cart=2586","2026-02-19 16:21:00"
"https://businessrocket.ai/?add-to-cart=2509","","0","Blocked by robots.txt","Non-Indexable","Blocked by robots.txt","","0","0","","0","0","","0","","0","","0","","0","","","","","","","","","","0","0","0","0.000","","0","","","","","0.000","2","0","","1","1","0","1.470","0","0","0","0","0","0","","","","","","","","","","","","None","","","","","","https://businessrocket.ai/?add-to-cart=2509","2026-02-19 16:21:00"
"https://businessrocket.ai/?add-to-cart=2487","","0","Blocked by robots.txt","Non-Indexable","Blocked by robots.txt","","0","0","","0","0","","0","","0","","0","","0","","","","","","","","","","0","0","0","0.000","","0","","","","","0.000","2","0","","1","1","0","1.470","0","0","0","0","0","0","","","","","","","","","","","","None","","","","","","https://businessrocket.ai/?add-to-cart=2487","2026-02-19 16:21:00"
"https://businessrocket.ai/?add-to-cart=2449","","0","Blocked by robots.txt","Non-Indexable","Blocked by robots.txt","","0","0","","0","0","","0","","0","","0","","0","","","","","","","","","","0","0","0","0.000","","0","","","","","0.000","2","0","","1","1","0","1.470","0","0","0","0","0","0","","","","","","","","","","","","None","","","","","","https://businessrocket.ai/?add-to-cart=2449","2026-02-19 16:21:00"
"https://businessrocket.ai/?add-to-cart=2439","","0","Blocked by robots.txt","Non-Indexable","Blocked by robots.txt","","0","0","","0","0","","0","","0","","0","","0","","","","","","","","","","0","0","0","0.000","","0","","","","","0.000","2","0","","1","1","0","1.470","0","0","0","0","0","0","","","","","","","","","","","","None","","","","","","https://businessrocket.ai/?add-to-cart=2439","2026-02-19 16:21:01"
"https://businessrocket.ai/?add-to-cart=2192","","0","Blocked by robots.txt","Non-Indexable","Blocked by robots.txt","","0","0","","0","0","","0","","0","","0","","0","","","","","","","","","","0","0","0","0.000","","0","","","","","0.000","2","0","","1","1","0","1.470","0","0","0","0","0","0","","","","","","","","","","","","None","","","","","","https://businessrocket.ai/?add-to-cart=2192","2026-02-19 16:21:02"
"https://businessrocket.ai/?add-to-cart=2023","","0","Blocked by robots.txt","Non-Indexable","Blocked by robots.txt","","0","0","","0","0","","0","","0","","0","","0","","","","","","","","","","0","0","0","0.000","","0","","","","","0.000","2","0","","1","1","0","1.470","0","0","0","0","0","0","","","","","","","","","","","","None","","","","","","https://businessrocket.ai/?add-to-cart=2023","2026-02-19 16:21:01"
"https://businessrocket.ai/","text/html; charset=UTF-8","200","OK","Indexable","","Business Rocket – Web Design & Digital Marketing Experts","56","521","Business Rocket is a leading Digital Agency with global reach & services. Expert web design, SEO & marketing services for real business growth. Call Now.","153","941","","0","Brand Strategy Web Design & DevelopmentSEO PackagesSocial Media MarketingPaid AdvertisingWordPress Hosting & Maintenance","120","Fueling Growth, Powering Brands","31","We just don't execute tasks.","28","index, follow, max-image-preview:large, max-snippet:-1, max-video-preview:-1","","","https://businessrocket.ai/","","","","","","267239","41338","41338","15.836","","974","206","4.728","65.234","Normal","2.341","0","0","","345","68","0","100.000","42","22","0","8","8","0","","","","","3e3b6e71de3f4f73267de79a1ce07077","0.100","","","","","en-US","1.1","","","","","","https://businessrocket.ai/","2026-02-19 16:20:54"
